action,course_id,course_number,current_title,current_credit_hours,current_designated_semester,current_offered_periods_json,current_standing_requirement,current_additional_requirements_text,current_min_section_size,new_title,new_credit_hours,new_designated_semester,new_offered_periods_json,new_standing_requirement,new_additional_requirements_text,prereq_numbers_semicolon,coreq_numbers_semicolon,notes
,80e0f5ef-cf78-448d-bb62-a943172d8a7c,AF 724,Air Force Course 724,3.0,,,,,6,,,,,,,,,
,548964b0-992a-4eb4-8ab7-1dc4b562c61e,AV 100,Introduction to Powered Flight Operations,0.0,,,,,1,,,,,,,,,
,2588f52e-5588-4d66-9493-31b93275d006,AX 302,Pattern Solo (RDI: ROTC - Aim High Flight Academy),0.0,,,,,1,,,,,,,,,
,9f0a67d7-d00d-4f7c-acc4-5328e824025f,AX 401,Private Pilot Certificate (PPC) - The Academy,0.0,,,,,1,,,,,,,,,
,c586f391-00f3-4450-841e-cd0882620329,Aero Engr 206,Fundamental Tools for Engineering,3.0,,,,,6,,,,,,,,,
,6526fcbf-848b-4565-aadb-90a29035d6f0,Aero Engr 210,Fundamentals of Aeronautics for Engineering majors,3.0,,,,,6,,,,,,,,,
,cb52f8c0-2e59-4064-8f3d-74500a98fe77,Aero Engr 210S,Fundamentals of Aeronautics for Scholars,3.0,,,,,6,,,,,,,,,
,c9423571-7ead-4c07-b579-5944362f618e,Aero Engr 241,Aero-Thermodynamics,3.0,,,,,6,,,,,,,,,
,15fded97-e523-470f-8694-ca0f988ac280,Aero Engr 315,Fundamentals of Aeronautics,3.0,,,,,6,,,,,,,,,
,e6b10d12-d855-4705-a8bc-ba564bf0f5c0,Aero Engr 316,Fundamentals of Aeronautics – French language section,3.0,,,,,6,,,,,,,,,
,503ef1c2-bf40-441e-8548-7f736360a576,Aero Engr 341,Aeronautical Fluid Dynamics,3.0,,,,,6,,,,,,,,,
,26f7f333-caff-4725-9b05-3016ca3f3aad,Aero Engr 342,Computational Aerodynamics,3.0,,,,,6,,,,,,,,,
,9f37c7cb-6b86-4b0f-8f4a-5047ea8d034f,Aero Engr 351,Aircraft Performance and Static Stability,3.0,,,,,6,,,,,,,,,
,1552c216-5683-4873-8968-a7ab34777f5f,Aero Engr 352,Aircraft Dynamic Stability and Control,3.0,,,,,6,,,,,,,,,
,edf78966-8b1b-46e6-81bc-f98711f2f1b0,Aero Engr 361,Propulsion I,3.0,,,,,6,,,,,,,,,
,87268632-18a3-4a61-a17e-d3008a159ea9,Aero Engr 436,"Aircraft Structures, Dynamics and Aeroelasticity",3.0,,,,,6,,,,,,,,,
,9182a7fd-c714-4c1f-a079-8e7f8fc132a9,Aero Engr 442,Advanced Aerodynamics,3.0,,,,,6,,,,,,,,,
,48239868-3478-49d3-aa01-8a6db7e1ba02,Aero Engr 446,Introduction to Hypersonics,3.0,,,,,6,,,,,,,,,
,1bdc83e4-0f00-443b-9d2c-acf3bcb11172,Aero Engr 447,Advanced Applied Aerodynamics,3.0,,,,,6,,,,,,,,,
,fd0efb54-98d6-4544-bcd6-10e6db6aad22,Aero Engr 456,Flight Test Techniques,3.0,,,,,6,,,,,,,,,
,ef15e015-9b84-49e0-8812-c55c035573f2,Aero Engr 456L,Flight Test Techniques Laboratory,3.0,,,,,6,,,,,,,,,
,fbb09462-303e-46fe-a340-1984774ce523,Aero Engr 457,Aircraft Feedback Control Systems,3.0,,,,,6,,,,,,,,,
,7234b6e7-5f8f-49f5-8863-478fd6ed8ead,Aero Engr 466,Propulsion II,3.0,,,,,6,,,,,,,,,
,8bc0b252-8bb1-4c5e-a064-998f2da2d8b6,Aero Engr 471,Aeronautics Laboratory,3.0,,,,,6,,,,,,,,,
,f62a4475-9a66-47bf-a57b-5983d9aa6df4,Aero Engr 472,Advanced Computational Aerodynamics,3.0,,,,,6,,,,,,,,,
,64d0a2ed-e781-45ce-91c6-d82835f6ff0f,Aero Engr 480,Introduction to Aircraft Engine Design,3.0,,,,,6,,,,,,,,,
,690b6514-2d3f-4e30-aa46-9d8c20cd0489,Aero Engr 481,Introduction to Aircraft Design,3.0,,,,,6,,,,,,,,,
,5206cdf0-702d-4403-9d43-443b2ef43fc2,Aero Engr 482,Aircraft Design,3.0,,,,,6,,,,,,,,,
,c6b0863e-885c-43cd-b294-3e709c0914c8,Aero Engr 483,Aircraft Engine Design,3.0,,,,,6,,,,,,,,,
,c9882b50-9229-4ad2-a62c-f31b3c016741,Aero Engr 495,Special Topics,3.0,,,,,6,,,,,,,,,
,d20f4960-e239-43ed-8049-251cf98e6e32,Aero Engr 499,Independent Study,3.0,,,,,6,,,,,,,,,
,24bbecc3-a5ad-4116-a95b-273f41f23856,Aero Engr 499A,Independent Study,3.0,,,,,6,,,,,,,,,
,d2a74297-2e4a-4555-9496-73ee7eb496bc,Aero Engr 499B,Independent Study,3.0,,,,,6,,,,,,,,,
,4176b11a-d80e-419d-ae83-73e271df280b,Aero Engr 499C,Independent Study,3.0,,,,,6,,,,,,,,,
,2823f86a-9cac-45a8-aa02-f611769ae429,Ar Stu 400,Intercultural Competence,3.0,,,,,6,,,,,,,,,
,10c29ccf-57f8-458e-b6d9-f62c83155fbd,Ar Stu 410,Model Arab League (MAL),3.0,,,,,6,,,,,,,,,
,52c66225-e7cc-4689-b555-b2bb7632d856,Ar Stu 415,Advanced Model Arab League (AMAL),3.0,,,,,6,,,,,,,,,
,c9240cb2-245f-449e-a7db-e86ab49fa5f8,Ar Stu 420,Model Organization of American States (MOAS),3.0,,,,,6,,,,,,,,,
,62f24933-4e2c-4b4a-b590-de7b2727f806,Ar Stu 425,Advanced Model Organization of American States (AMOAS),3.0,,,,,6,,,,,,,,,
,5876e27e-be46-43ce-9c74-7018aba143f5,Ar Stu 430,Model African Union (MAU),3.0,,,,,6,,,,,,,,,
,b3449d16-fc00-4fdd-8fad-50e0e0976929,Ar Stu 435,Advanced Model African Union (AMAU),3.0,,,,,6,,,,,,,,,
,e4f04f73-82a4-49e0-9cf6-6e7b541f5ba2,Ar Stu 440,Model European Organizations,3.0,,,,,6,,,,,,,,,
,cea182c7-17fa-4b5f-a3ef-944994cd952c,Ar Stu 445,Advanced Model North Atlantic Treaty Organization (AMNATO),3.0,,,,,6,,,,,,,,,
,4d875ee9-9d16-49e0-b80b-8491389fa4b0,Ar Stu 491,Culture and the Military Profession,3.0,,,,,6,,,,,,,,,
,0aabf355-5fb4-4e54-931f-83a1e07b4f29,Ar Stu 495,Special Topics in Foreign Area Studies,3.0,,,,,6,,,,,,,,,
,59b8356f-f898-4a3f-b66a-c61937f0e60c,Ar Stu 499,Independent Study,3.0,,,,,6,,,,,,,,,
,150cae56-65d0-461c-96cd-964ef7594933,Ar Stu 499A,Independent Study,3.0,,,,,6,,,,,,,,,
,0a6c46fa-b8c1-47ab-a4f1-a739835c5c8b,Ar Stu 499B,Independent Study,3.0,,,,,6,,,,,,,,,
,0f524c3b-5769-49df-b5c8-b3bc0d55c85c,Ar Stu 499C,Independent Study,3.0,,,,,6,,,,,,,,,
,ecb6ecbe-1997-4ae1-b6ef-68a53c0325ac,Armnshp 201,Powered Flight Fundamentals,3.0,,,,,6,,,,,,,,,
,12e08045-369b-4905-8da4-1a72992f0d5c,Armnshp 251,Basic Soaring,3.0,,,,,6,,,,,,,,,
,c045172e-0928-4bbd-bb00-0dfa7902587e,Armnshp 302,Course is scheduled during transition week(s) prior to summer/academic semester for those cadets enrolled in Armnshp302,3.0,,,,,6,,,,,,,,,
,d33117f6-3c10-4e72-910f-f45925b932e3,Armnshp 401,Private Pilot Certificate (PPC) Training - The Academy,3.0,,,,,6,,,,,,,,,
,5611f894-cca4-496c-8d7a-3199663ddf66,Armnshp 461,Soaring Instructor Pilot Upgrade,3.0,,,,,6,,,,,,,,,
,c2432593-1ab5-41a7-b475-fc7b41f064e5,Armnshp 465,The Academy Flying Team,3.0,,,,,6,,,,,,,,,
,732da459-18bb-4a83-be04-27c7ac5a087a,Armnshp 472,Basic Soaring IP,3.0,,,,,6,,,,,,,,,
,3098b0ec-cd54-446c-9522-1c2a920ce364,Armnshp 473,Soaring Instructor Upgrade IP,3.0,,,,,6,,,,,,,,,
,d1315210-ba24-409e-94f9-5f621fec27f3,Armnshp 474,Sailplane Racing / Cross-Country Competition Team,3.0,,,,,6,,,,,,,,,
,0d75b6be-8f85-4c67-8473-878318e79d10,Armnshp 475,"Mil Tng 201 credit is granted by CW, at CW discretion",3.0,,,,,6,,,,,,,,,
,a64d892e-f608-47d8-b6fd-3e5afc3fbd79,Armnshp 490,Basic Parachuting,3.0,,,,,6,,,,,,,,,
,ef9e1d18-bbda-4dd7-86bf-e4ad52473ba9,Armnshp 491,Advanced Parachute/Jumpmaster/Instructor Training,3.0,,,,,6,,,,,,,,,
,c41676ff-43e9-42f7-97b8-b7beedf24eed,Armnshp 496,Parachute Team,3.0,,,,,6,,,,,,,,,
,3101bc27-c708-4019-aced-2cbde4c67392,Astr Engr 201,Technology Skills for Astronautics,3.0,,,,,6,,,,,,,,,
,91efb631-3aac-4018-82c7-b4935f54650e,Astr Engr 310,Introduction to Astronautics,3.0,,,,,6,,,,,,,,,
,3984b1f7-cdf2-431d-b49c-acef8569ee1c,Astr Engr 310S,Introduction to Astronautics for Scholars,3.0,,,,,6,,,,,,,,,
,9adc62a8-20b9-4e6c-8ce9-e39a7034820b,Astr Engr 321,Intermediate Astrodynamics,3.0,,,,,6,,,,,,,,,
,d6ab6c3f-3f8c-4d4c-8b16-37febf4c5931,Astr Engr 331,Space Systems Engineering,3.0,,,,,6,,,,,,,,,
,903f442a-b40d-4029-8639-6b2cab07f4ae,Astr Engr 332,Satellite Communications,3.0,,,,,6,,,,,,,,,
,4db9976d-b22a-4a5b-8a1a-d7c397b43460,Astr Engr 335,Human Spaceflight,3.0,,,,,6,,,,,,,,,
,ffa11a61-e980-4723-a38d-070b364307ff,Astr Engr 351,Rocket Propulsion,3.0,,,,,6,,,,,,,,,
,7076e78f-5e55-4ff1-b250-c83e01275959,Astr Engr 422,Advanced Astrodynamics,3.0,,,,,6,,,,,,,,,
,c0006fe8-b8ff-40b1-a546-ea2676a629e1,Astr Engr 423,Space Mission Design,3.0,,,,,6,,,,,,,,,
,605deae1-5897-4697-89d6-f38c5d513c67,Astr Engr 431,Space Warfighting Payload Design,3.0,,,,,6,,,,,,,,,
,a6a7b80a-1678-4f5a-9f2d-e0b7cef4b964,Astr Engr 436,Small Spacecraft Engineering I,3.0,,,,,6,,,,,,,,,
,e23ba549-1ba1-4cf1-b18c-93cb9b2ebc99,Astr Engr 437,Small Spacecraft Engineering II,3.0,,,,,6,,,,,,,,,
,c8698748-d244-4ad4-a05f-29ee2bb475c5,Astr Engr 438,Small Spacecraft Engineering III,3.0,,,,,6,,,,,,,,,
,00ac2e47-e693-4ae4-9f29-b19dd4117ce6,Astr Engr 445,Spacecraft Attitude Dynamics and Control,3.0,,,,,6,,,,,,,,,
,2bbc3672-5f40-4210-9ff9-6b2560ffb94b,Astr Engr 495,Special Topics,3.0,,,,,6,,,,,,,,,
,7737b54c-281f-4cd2-af67-f460b4d1d075,Astr Engr 499,Independent Study,3.0,,,,,6,,,,,,,,,
,ffb575ea-7c3b-41f7-bec8-bdbc2a0fc921,Astr Engr 499A,Independent Study,3.0,,,,,6,,,,,,,,,
,413ee56f-9a38-4498-b96b-f958907c783f,Astr Engr 499B,Independent Study,3.0,,,,,6,,,,,,,,,
,f2d62ff3-6a98-4b41-b829-df15b88dd788,Astr Engr 499C,Independent Study,3.0,,,,,6,,,,,,,,,
,4bcc3972-3abb-402e-83ae-b84c01c2304d,Astr Engr 543,Methods of Optimization for Engineers,3.0,,,,,6,,,,,,,,,
,9874c93a-75ab-4eab-a663-912ee19c7b45,Astro Engr 201,The Astronautical Engineering Option 1 can be chosen from the following courses,3.0,,,,,6,,,,,,,,,
,8dfc7750-68e3-4014-90fe-1fb560ddd162,Aviation 100,"Aviation 100, Introduction to Powered Flight Operations",0.0,,,,,1,,,,,,,,,
,29cd665f-9bec-4b9d-9bfb-494734852ebe,Aviation 202,Cadet VR Instructor Pilot Assistant Duty – AV-100,0.0,,,,,1,,,,,,,,,
,47f3fc18-814e-419c-9138-91690cb6304b,Aviation 300,Powered Flight Training Ground School,0.0,,,,,1,,,,,,,,,
,cc5a3e03-cae0-44f0-99cc-c0187787fbc7,Aviation 400,Instructor Assistant Practicum,0.0,,,,,1,,,,,,,,,
,ae039ae4-5050-4fc8-a7e6-37e4e699c5e9,Bas Sci 401,Basis Sciences Divisional Core Substitute,3.0,,,,,6,,,,,,,,,
,5ae067f9-25c6-4d61-8045-bb471a7bb0e6,Beh Sci 110,The course will be conducted primarily as a seminar,3.0,,,,,6,,,,,,,,,
,7db23c9c-113d-4325-ac3b-5f5338c2a1e0,Beh Sci 110S,Scholars Using Psychology in the Modern World,3.0,,,,,6,,,,,,,,,
,b1c09853-f8f4-48c7-a304-e85c547ca21b,Beh Sci 280,Scientific Method and Research Design,3.0,,,,,6,,,,,,,,,
,eec6a059-669b-4f23-a822-1cc1c4b4776a,Beh Sci 314,Influence and Persuasion in Future Conflict,3.0,,,,,6,,,,,,,,,
,a22e9c11-03d1-4029-bebe-f40078721069,Beh Sci 330,Mental Health and the Military,3.0,,,,,6,,,,,,,,,
,0af43e1e-3c4d-4505-8db0-18d01c4bef87,Beh Sci 332,Advanced Research Methods and Statistical Tools,3.0,,,,,6,,,,,,,,,
,282823b7-d164-4c3a-8242-5255261a5007,Beh Sci 345,The Psychology of Learning,3.0,,,,,6,,,,,,,,,
,68b9d246-67a7-4d7c-ab30-f856c050cb54,Beh Sci 352,Social Psychology,3.0,,,,,6,,,,,,,,,
,0ae7451c-3d62-4e38-9ff7-2ee3ffd64e1c,Beh Sci 355,Introduction to Neuroscience,3.0,,,,,6,,,,,,,,,
,12aa25f0-a2a2-4f43-90ca-4d060eb0d20c,Beh Sci 358,Sociology of War and Violence,3.0,,,,,6,,,,,,,,,
,0373e36f-6ce9-4f3c-9119-a7686d4cd714,Beh Sci 360,Sociology,3.0,,,,,6,,,,,,,,,
,a0763bb2-dcea-493e-918f-e950fc856704,Beh Sci 360S,Sociology (Scholars),3.0,,,,,6,,,,,,,,,
,1e1f7752-78bd-4794-809f-b64b6751b38b,Beh Sci 361,Social Problems,3.0,,,,,6,,,,,,,,,
,99565468-6f52-40d3-acc2-b4f7385a0a1e,Beh Sci 362,"Class, Race, and Ethnicity in Society",3.0,,,,,6,,,,,,,,,
,146da973-306e-4d35-920f-069a3a106a04,Beh Sci 363,Crime and Deviance,3.0,,,,,6,,,,,,,,,
,cc74570c-8472-47ce-afb8-2e387a59b270,Beh Sci 364,Sex Roles and Sexuality in Society,3.0,,,,,6,,,,,,,,,
,709f4e8b-234c-431c-9069-3adaedcb72cd,Beh Sci 365,Sociological Theory,3.0,,,,,6,,,,,,,,,
,83dc470c-07d6-499f-8965-662a3a2c27c1,Beh Sci 366,Environmental Sociology,3.0,,,,,6,,,,,,,,,
,ff99684d-3e01-4248-a09f-b53cde2464dc,Beh Sci 373,Introduction to Human Factors Engineering,3.0,,,,,6,,,,,,,,,
,88f5b251-31fc-4284-82d4-ce87367238cc,Beh Sci 375,Aviation Psychology and Human Factors,3.0,,,,,6,,,,,,,,,
,93fc8b44-6e75-45bc-9cf5-e337bdf19d11,Beh Sci 380,Theories of Personality,3.0,,,,,6,,,,,,,,,
,d867c662-db77-4ea4-9dca-2f39c03d7720,Beh Sci 390,Sensation and Perception,3.0,,,,,6,,,,,,,,,
,8111b2a7-2ea9-4afb-8436-632d051459b6,Beh Sci 414,Applied Influence and Persuasion,3.0,,,,,6,,,,,,,,,
,fb3f00c1-5bd0-4923-97b7-85a6de61e5bf,Beh Sci 435,"Judgment, Decision Making, and Augmented Cognition",3.0,,,,,6,,,,,,,,,
,8eae7835-08b8-485e-9719-f43ea3ae1c69,Beh Sci 440,Lifespan Development,3.0,,,,,6,,,,,,,,,
,906ea5e7-a865-4acd-8c5b-f0b944c44123,Beh Sci 471,Human-Computer Interaction,3.0,,,,,6,,,,,,,,,
,b167e81b-9c96-48e4-8ffa-3b31202c8966,Beh Sci 473,Human Factors Engineering in Systems Design,3.0,,,,,6,,,,,,,,,
,bfb471c6-55e2-4338-9bc2-639c625898cc,Beh Sci 495,Special Topics,3.0,,,,,6,,,,,,,,,
,6eeb0ccd-df97-4f46-96da-50e6123d2a9c,Beh Sci 498,Senior Capstone in the Behavioral Sciences,3.0,,,,,6,,,,,,,,,
,d353b4e0-0bb5-44b5-bef2-0847777508ca,Beh Sci 499,Independent Study,3.0,,,,,6,,,,,,,,,
,b0b86117-b64c-4da7-918a-bcc86fe368ed,Beh Sci 499A,Independent Study,3.0,,,,,6,,,,,,,,,
,ed7adef9-706a-4854-97a5-7cfea7c5e92f,Beh Sci 499B,Independent Study,3.0,,,,,6,,,,,,,,,
,7dab0bdc-b610-4b09-ad3c-4e972d5f65f9,Beh Sci 499C,Independent Study,3.0,,,,,6,,,,,,,,,
,8b6a171f-b5df-4561-9c53-b68ebc1b6672,Biology 215,Introductory Biology with Laboratory,3.0,,,,,6,,,,,,,,,
,050a035e-9f49-4c22-b7bb-6252f9d20ebb,Biology 320,Biomechanics,3.0,,,,,6,,,,,,,,,
,0db9ab7f-9f33-4433-aab6-468d625fe9b7,Biology 330,Zoology,3.0,,,,,6,,,,,,,,,
,2e280026-55c2-4a2f-b94f-3ab3405a5a41,Biology 331,Botany,3.0,,,,,6,,,,,,,,,
,c11a4584-45a5-45ec-9d57-5470aad2751d,Biology 332,Microbial Diversity,3.0,,,,,6,,,,,,,,,
,a36abc5d-efc4-4e2b-9a64-050ab3f08fad,Biology 345,Aerospace Physiology,3.0,,,,,6,,,,,,,,,
,10934bad-98e9-40d4-a86b-6ebe2d720e68,Biology 360,Cell and Molecular Biology,3.0,,,,,6,,,,,,,,,
,07a5976e-2614-4c0e-af8d-a0e91d589fbc,Biology 363,Genetics,3.0,,,,,6,,,,,,,,,
,fb4d9020-a742-4d9f-af43-521e55106600,Biology 364,Molecular Biology Methods,3.0,,,,,6,,,,,,,,,
,f10860c0-9b05-4a5f-8d02-46bb7cc9808a,Biology 365,Synthetic Biology and Biotechnology Seminar I,3.0,,,,,6,,,,,,,,,
,145289c3-da39-4256-b079-d49e1abaf1cb,Biology 366,Synthetic Biology and Biotechnology Seminar II,3.0,,,,,6,,,,,,,,,
,6416e767-4811-4f0a-9382-ed3eaebcb9ef,Biology 370,Human Nutrition,3.0,,,,,6,,,,,,,,,
,707cf20f-ffbc-457c-b7c9-5552b68f4ce1,Biology 380,Principles of Ecology,3.0,,,,,6,,,,,,,,,
,1ae88390-006f-475e-8e81-6977e11d446f,Biology 410,Anatomy and Physiology: Sensory and Motor Integration,3.0,,,,,6,,,,,,,,,
,cfdb832b-83c5-474d-a0de-a5b70588713c,Biology 431,Microbiology Lab,3.0,,,,,6,,,,,,,,,
,1a6e8c7e-7755-4111-86e5-a340abb6d855,Biology 435,Animal Behavior 3(1),3.0,,,,,6,,,,,,,,,
,5d326dc3-b933-446f-8a1a-bf6a4cad142d,Biology 440,Anatomy and Physiology: Visceral Systems Integration,3.0,,,,,6,,,,,,,,,
,fdef6632-796f-4b12-ace7-9bed347f3eb2,Biology 455,"Human Sex, Reproduction, and Sexuality",3.0,,,,,6,,,,,,,,,
,6620057b-42f9-44f4-9220-62af1226811f,Biology 459,Principles of Evolution,3.0,,,,,6,,,,,,,,,
,5bc5a89a-6bc4-42b5-a0db-f04617a0e7f0,Biology 465,Advanced Biotechnology Seminar I,3.0,,,,,6,,,,,,,,,
,2cbcccb0-0f63-40af-adbb-7678709b8f2b,Biology 466,Advanced Biotechnology Seminar II,3.0,,,,,6,,,,,,,,,
,d43bd5be-976e-43c4-8ffa-2b51ca3ed70a,Biology 480,Biology Capstone Seminar,3.0,,,,,6,,,,,,,,,
,34db78c9-a146-4100-800e-cd2f9d7bb0ee,Biology 481,Applied Ecology,3.0,,,,,6,,,,,,,,,
,54599def-5a2f-46cc-bc3c-cd29db7aee4a,Biology 495,Special Topics,3.0,,,,,6,,,,,,,,,
,9ca4d85a-f6e8-4010-adf2-77a68176ed87,Biology 499,Independent Study,3.0,,,,,6,,,,,,,,,
,360d05f9-cffb-4952-b9a4-b9dd4fb4fadd,Biology 499A,Independent Study,3.0,,,,,6,,,,,,,,,
,5667b799-6d52-4346-a800-b9b5cc9ed9d0,Biology 499B,Independent Study,3.0,,,,,6,,,,,,,,,
,477b3fbf-d424-48e0-91dd-a4588ca11a47,Biology 499C,Independent Study,3.0,,,,,6,,,,,,,,,
,ddebf464-87b8-4cb1-9af4-476bbdf31c22,CE 100,Commissioning Education I,0.0,,,,,1,,,,,,,,,
,fc0b6090-e8b9-499f-9ee5-79fd61a4eef7,CE 200,Commissioning Education II,0.0,,,,,1,,,,,,,,,
,61b24b38-6d74-4e37-8d0b-da9ad712a750,CE 300,Commissioning Education III,0.0,,,,,1,,,,,,,,,
,e075499a-3b69-4664-bf95-3690955e8bb6,CE 400,Commissioning Education IV,0.0,,,,,1,,,,,,,,,
,017e5efd-642d-4af1-8921-ca088ca09d6b,CL 100,Character and Leadership I,0.0,,,,,1,,,,,,,,,
,ac7e686d-a056-40e1-af2d-6ca5bace20cd,CL 200,Character and Leadership II,0.0,,,,,1,,,,,,,,,
,01a91a14-015b-4ebc-891b-95440c82fbbc,CL 300,Character and Leadership III,0.0,,,,,1,,,,,,,,,
,1389e203-427b-4af4-a031-0f25345fd83d,CL 400,Character and Leadership IV,0.0,,,,,1,,,,,,,,,
,db981b28-d182-4bf2-9f68-bec33b978627,CS 101,Intro CS,3.0,1,,,,6,,,,,,,,,
,e97e8016-992f-4d75-b8e8-871d138fd302,CS 102,Intro CS 2,3.0,1,,,,6,,,,,,,,,
,51672042-0355-41cd-9ae1-7d7483986d7d,CS 201,Data Structures,3.0,6,,,,6,,,,,,,,,
,1f61de85-7bac-4016-8894-b7fd7e186f63,CS 202,Algorithms,3.0,7,,,,6,,,,,,,,,
,2795ee8b-102a-4ad7-aa25-4683b4115c46,CS 210,Programming Fundamentals,3.0,6,,,,6,,,,,,,,,
,4a4235d6-4b57-4e8e-a891-8a4be09f766f,CS 310,Systems Analysis,3.0,11,,,,6,,,,,,,,,
,912eefae-a32d-4f5b-a8bf-f0c8bcb46537,Chem 100,General Chemistry I Lecture and Lab,3.0,,,,,6,,,,,,,,,
,eb4a2c66-a951-41f0-aad6-195db6d79888,Chem 200,General Chemistry II Lecture and Lab,3.0,,,,,6,,,,,,,,,
,1cfc8c02-8220-4cb0-949e-7a19c91ba44a,Chem 222,Analytical Chemistry,3.0,,,,,6,,,,,,,,,
,c3946858-1ca8-4357-99cc-b887bb61c914,Chem 230,Introductory Organic Chemistry,3.0,,,,,6,,,,,,,,,
,764a6d08-e75d-49cc-88e0-476039f01b44,Chem 233,Organic Chemistry I,3.0,,,,,6,,,,,,,,,
,f4b0679f-0d2c-4ffc-8d2d-9af69de9c4fb,Chem 234,Organic Chemistry II,3.0,,,,,6,,,,,,,,,
,284e9341-0205-4c19-8780-08ec47b8a07a,Chem 243,Organic Chemistry Laboratory,3.0,,,,,6,,,,,,,,,
,931c871d-0279-4f3e-a9f5-491afd9e581f,Chem 325,Space Chemistry,3.0,,,,,6,,,,,,,,,
,df112282-52eb-46b3-8102-d98a50721908,Chem 335,Physical Chemistry I,3.0,,,,,6,,,,,,,,,
,726aeff7-26e2-4d65-88a2-6ea56b03054b,Chem 336,Physical Chemistry II,3.0,,,,,6,,,,,,,,,
,a571dc61-de75-4940-9eb4-c220f9fd875d,Chem 344,Instrumental Analysis,3.0,,,,,6,,,,,,,,,
,cf7ebf50-11f4-4c6c-b985-2e08089832d4,Chem 350,Chemistry of Weapons,3.0,,,,,6,,,,,,,,,
,eedccdd9-58ad-4422-8e8f-f8aae4a13595,Chem 353,Theory of Instrumental Methods of Chemical Analysis,3.0,,,,,6,,,,,,,,,
,996126e8-7264-4d1c-9071-6f19ff4c120d,Chem 381,Chemistry of the Environment,3.0,,,,,6,,,,,,,,,
,e301e50b-be74-43dc-bb1a-2467229e4e47,Chem 399,Independent Study Techniques,3.0,,,,,6,,,,,,,,,
,b1c04a54-16e7-49bc-beff-72188b15fd6a,Chem 431,Theoretical Inorganic Chemistry,3.0,,,,,6,,,,,,,,,
,69944ac6-26c4-4d2e-9b39-046b4e928cf7,Chem 432,Special Topics in Inorganic Chemistry,3.0,,,,,6,,,,,,,,,
,1b40369f-f093-4333-b146-fb4faf945d25,Chem 433,Advanced Organic Chemistry,3.0,,,,,6,,,,,,,,,
,51c300db-71dc-487f-a349-a98f226a3afa,Chem 434,Introduction to Biochemistry,3.0,,,,,6,,,,,,,,,
,c1c47781-0a09-43c5-8064-cd2f020163c4,Chem 435,Advanced Physical Chemistry,3.0,,,,,6,,,,,,,,,
,e918a904-96a4-43b2-9e3b-26eb06766b1a,Chem 440,Polymer Chemistry,3.0,,,,,6,,,,,,,,,
,9dfcbc1f-d93c-4bb9-a7d9-c4884df80c69,Chem 444,Integrated Chemistry Laboratory,3.0,,,,,6,,,,,,,,,
,ecaa2cd4-791e-452c-ac23-f0779ee4c8d5,Chem 445,Advanced Laboratory Techniques,3.0,,,,,6,,,,,,,,,
,95e8a76d-aaff-4b11-b763-ade1a94b797c,Chem 465,Chemistry of Advanced Materials,3.0,,,,,6,,,,,,,,,
,306c6f9f-36a5-4a27-992a-02dd29151ac5,Chem 481,Laboratory Practical Exam at semester’s end,3.0,,,,,6,,,,,,,,,
,5046d0f3-d690-4b4a-8e7e-fbedc0be240e,Chem 482,Biochemistry II,3.0,,,,,6,,,,,,,,,
,5ca6199a-d068-4361-a43e-289d048ce382,Chem 491,Biochemistry Laboratory,3.0,,,,,6,,,,,,,,,
,0770c549-d5d3-4bad-b83c-42ae06b431f2,Chem 495,Special Topics,3.0,,,,,6,,,,,,,,,
,aa99c74d-f7f5-4fed-ac7a-346a0dc6826a,Chem 499,Knowledge and skills gained will facilitate the initiation of research projects and improve efficiency of the research process,3.0,,,,,6,,,,,,,,,
,c6b6f5e1-e627-41eb-8961-db62405f0a4a,Chem 499A,Independent Study,3.0,,,,,6,,,,,,,,,
,a932b399-fd71-4600-9676-1ddb9c0d6a67,Chem 499B,Independent Study,3.0,,,,,6,,,,,,,,,
,bb98f912-c37c-4a07-8c95-6038bed7d122,Chem 499C,Independent Study,3.0,,,,,6,,,,,,,,,
,9d4c5ca7-3e39-4791-afb5-bc10d0721b88,Chinese 365,Chinese Civilization and Culture,3.0,,,,,6,,,,,,,,,
,13313913-a35e-47f9-8707-cf87969d90d1,Chinese 430,Exploring Chinese Culture through Formulaic Expressions,3.0,,,,,6,,,,,,,,,
,a2be0b99-8332-45cc-920d-165043bc48fa,Chinese 431,Culture and Knowledge of the Chinese Military,3.0,,,,,6,,,,,,,,,
,806efbe4-e047-4221-91e4-ad3407696dbf,Civ Engr 215,Computer Applications for Civil Engineers,3.0,,,,,6,,,,,,,,,
,d68cc4e1-4038-4fda-a85c-27e0dd205477,Civ Engr 330,Elementary Structural Analysis,3.0,,,,,6,,,,,,,,,
,88819fba-98dc-4e4e-bd11-e1511b748fba,Civ Engr 351,Civil Engineering Practices - Field Engineering,3.0,,,,,6,,,,,,,,,
,79ecf3a5-2565-4b42-a721-fad0ce9a5210,Civ Engr 352,"Lightweight Concrete Design, Analysis, and Construction",3.0,,,,,6,,,,,,,,,
,95b4625f-4268-4b82-b826-b779c7c41e90,Civ Engr 355,Blast Effects and Protective Structures,3.0,,,,,6,,,,,,,,,
,db66b640-3e0e-42b4-afa8-931f71fdaec1,Civ Engr 356,Introduction to Sustainability,3.0,,,,,6,,,,,,,,,
,760e34c9-45aa-4de2-83eb-d43c0f10dba6,Civ Engr 361,Fundamental Hydraulics,3.0,,,,,6,,,,,,,,,
,ec405fa3-d107-4d8b-b7f8-b8717cba2683,Civ Engr 362,Introduction to Environmental Engineering,3.0,,,,,6,,,,,,,,,
,304667aa-1786-408f-8696-31721ef75502,Civ Engr 363,Humanitarian Engineering,3.0,,,,,6,,,,,,,,,
,a5d9fa48-66f9-497e-8890-9b4f6309796f,Civ Engr 372,Behavior and Analysis of Structures,3.0,,,,,6,,,,,,,,,
,9a142565-1856-4033-8fe3-a3d96ac8a6c1,Civ Engr 373,Behavior and Design of Steel Members,3.0,,,,,6,,,,,,,,,
,23ed6f5a-8bd9-4ef7-8da7-c4a0d62ba86d,Civ Engr 376,Submittal of bridge design and construction documents to the U,3.0,,,,,6,,,,,,,,,
,1387fe8f-a0f6-48ec-99a7-041214285ea4,Civ Engr 377,Forest Service Bridge Construction Planning,3.0,,,,,6,,,,,,,,,
,2162c316-e17a-475a-959a-58b63792bdb6,Civ Engr 378,Forest Service Bridge Construction,3.0,,,,,6,,,,,,,,,
,0a12c171-fff5-4c24-a5e3-35014b59e123,Civ Engr 385,Project Management and Contract Administration,3.0,,,,,6,,,,,,,,,
,cdbc1200-07db-4c7d-98a4-07f4e70bf37a,Civ Engr 390,Introduction to Geotechnical Engineering,3.0,,,,,6,,,,,,,,,
,f0dd6acc-81f2-4826-8271-dc9cfdc8f322,Civ Engr 405,Civil Engineering Seminar,3.0,,,,,6,,,,,,,,,
,43e38f24-732e-48e7-95b9-802fb1a33782,Civ Engr 451,Civil Engineering Capstone 1,3.0,,,,,6,,,,,,,,,
,9fbb5ac9-48a6-479c-a229-1bc2cd60b3f4,Civ Engr 452,Civil Engineering Capstone 2,3.0,,,,,6,,,,,,,,,
,e7ac4ed1-827a-4154-95a3-bd6c540da963,Civ Engr 456,Sustainability Capstone,3.0,,,,,6,,,,,,,,,
,3903a25e-bd44-4bc1-a63c-5bf73ee69da0,Civ Engr 461,Hydraulic Design,3.0,,,,,6,,,,,,,,,
,4021276d-3990-456e-96c8-083683b447ba,Civ Engr 462,Systems Engineers will have this prerequisite waived,3.0,,,,,6,,,,,,,,,
,ae5112cc-e21d-4353-bc4f-8b32f0f81e61,Civ Engr 463,Wastewater Treatment Plant Design,3.0,,,,,6,,,,,,,,,
,77d8c170-5863-4686-b8c4-f9c459ccad84,Civ Engr 464,Architectural Design,3.0,,,,,6,,,,,,,,,
,2366d7ab-a52e-4126-8559-b9dfbc9a492c,Civ Engr 473,Structural Design,3.0,,,,,6,,,,,,,,,
,9c02f2f2-5b67-48e2-87f8-021c4483f57b,Civ Engr 474,Behavior and Design of Concrete Members,3.0,,,,,6,,,,,,,,,
,c050f189-3dac-4d25-81cd-bb701281eec0,Civ Engr 485,Construction Engineering and Management,3.0,,,,,6,,,,,,,,,
,c2610bca-d82b-4d9f-9481-ce500215a05a,Civ Engr 486,Applied Construction Practices,3.0,,,,,6,,,,,,,,,
,adc0a5e2-a5da-46af-af94-9aa091d3704a,Civ Engr 486X,Applied Construction Practices,3.0,,,,,6,,,,,,,,,
,4663e42d-ddba-4658-90f2-a33252dc7acf,Civ Engr 488,Pavement Design and Rehabilitation,3.0,,,,,6,,,,,,,,,
,9932c9ac-4a2e-4b02-a3cc-8da41c3bbf46,Civ Engr 493,Geo-Structures,3.0,,,,,6,,,,,,,,,
,50e2a8a9-68a3-4868-8f55-9eabc5480649,Civ Engr 496,Airfield Design,3.0,,,,,6,,,,,,,,,
,8e6a9289-04ab-41f9-ae89-d7122d2047a8,Civ Engr 499,Independent Study,3.0,,,,,6,,,,,,,,,
,18067658-8d90-4253-b0d1-d14f602150cb,Civ Engr 499A,Independent Study,3.0,,,,,6,,,,,,,,,
,67f7b31c-1b53-4d51-b4ae-2e5614147ceb,Civ Engr 499B,Independent Study,3.0,,,,,6,,,,,,,,,
,f37602be-8229-4a1e-ad45-8b052ae9f975,Civ Engr 499C,Independent Study,3.0,,,,,6,,,,,,,,,
,66199caf-5280-4690-8c10-a441ea419f5a,Comm Strt 101,Introduction to Communication,3.0,,,,,6,,,,,,,,,
,3a7d7b18-a86b-447d-a6e3-4373cfd335e2,Comp Sci 110,Introduction to Computing and Cyber Operations,3.0,,,,,6,,,,,,,,,
,9cb6b5f2-a7c6-4c79-88c1-6eebb7e4c1fa,Comp Sci 110S,Introduction to Computer Science and Cyber Operations for Scholars,3.0,,,,,6,,,,,,,,,
,eba0e7d7-9b8a-4b46-9ef9-26631f456264,Comp Sci 206,Fundamentals of Programming for Engineers,3.0,,,,,6,,,,,,,,,
,e5497aff-d25c-4d7c-9535-0c4c19235ae1,Comp Sci 210,Programming Fundamentals,3.0,,,,,6,,,,,,,,,
,faa31aa3-ad77-44c4-9c19-b31d3f06f8a3,Comp Sci 211,The Course Director may waive Comp Sci 211 with evidence of prior MatLab skills,3.0,,,,,6,,,,,,,,,
,fcfdfea3-45ad-4e8c-99af-0f6216db9a23,Comp Sci 212,Introduction to Programming for Analysts,3.0,,,,,6,,,,,,,,,
,67ed4298-3365-4198-acde-a8b4eb944392,Comp Sci 220,Data Structures and Systems Programming,3.0,,,,,6,,,,,,,,,
,5a1c7026-9e5b-43d1-8bee-e701e4af6d9c,Comp Sci 314,Quantum Computation,3.0,,,,,6,,,,,,,,,
,9e5d1fe8-41fc-4d9e-9e8b-9cea2a4fd1ae,Comp Sci 330,Software Design and Development,3.0,,,,,6,,,,,,,,,
,276eced1-033e-4202-bd80-0bbba21ffdc3,Comp Sci 350,Software Engineering,3.0,,,,,6,,,,,,,,,
,13530318-f278-44ba-810d-5a1ad58c4324,Comp Sci 351,Computer Organization and Architecture,3.0,,,,,6,,,,,,,,,
,7aa3727d-2279-404e-bdb9-ea25bf31a992,Comp Sci 362,Computer Simulation,3.0,,,,,6,,,,,,,,,
,04c8cfd4-c53d-42ab-b349-2c0914453a7f,Comp Sci 364,Databases and Applications,3.0,,,,,6,,,,,,,,,
,5452e55e-0ec4-4788-868b-02b86b631714,Comp Sci 380,Design and Analysis of Algorithms,3.0,,,,,6,,,,,,,,,
,206d2450-d407-4889-bf06-d493c6b9e4e2,Comp Sci 385,Software Dev for Mobile Devices,3.0,,,,,6,,,,,,,,,
,e2bf9081-3c6b-474c-82dc-a81e6e13616d,Comp Sci 405,Computer Science Colloquium I,3.0,,,,,6,,,,,,,,,
,b243d5cb-fcd9-4fed-9100-902f8a49bd77,Comp Sci 406,Computer Science Colloquium II,3.0,,,,,6,,,,,,,,,
,c98cc6fa-23f0-42e3-b294-cac0e0e100ac,Comp Sci 426,Languages and Machines,3.0,,,,,6,,,,,,,,,
,cfae86a1-6450-4d55-85dc-1a47635f2289,Comp Sci 453,Software Engineering Capstone Project I,3.0,,,,,6,,,,,,,,,
,a0514c74-48e9-4b2b-b632-6ac24888ddf4,Comp Sci 454,Software Engineering Capstone Project II,3.0,,,,,6,,,,,,,,,
,5d7ba387-5aa7-4b4f-bac8-d528f23fd133,Comp Sci 467,Computer Networks,3.0,,,,,6,,,,,,,,,
,c6854b6c-e731-4f22-a1d9-5cbf2d31f512,Comp Sci 471,Artificial Intelligence,3.0,,,,,6,,,,,,,,,
,32b1f815-25fd-4e70-bbea-f1b5f11fa97b,Comp Sci 472,Autonomous Systems Integration,3.0,,,,,6,,,,,,,,,
,6fb7a7ef-e987-4c32-bc92-6332b518aa1c,Comp Sci 483,Operating Systems,3.0,,,,,6,,,,,,,,,
,0dbd10fb-ace0-402f-b62c-9794dc8035f2,Comp Sci 495,Special Topics,3.0,,,,,6,,,,,,,,,
,76d82a37-4b6d-4851-ad0e-1a45d16357b1,Comp Sci 496,Computer Science Seminar,3.0,,,,,6,,,,,,,,,
,735b9c03-9c9d-4718-b097-ec48ee4e0bf9,Comp Sci 499,Independent Study,3.0,,,,,6,,,,,,,,,
,2c35ebfc-2640-4cae-8e1b-e23bc71a2e90,Comp Sci 499A,Independent Study,3.0,,,,,6,,,,,,,,,
,8b0d8f00-6d01-42da-a014-c57f075902bc,Comp Sci 499B,Independent Study,3.0,,,,,6,,,,,,,,,
,4f3135aa-9f21-4790-a37c-68736963c9b5,Comp Sci 499C,Independent Study,3.0,,,,,6,,,,,,,,,
,756f6f26-da49-4fd2-ac1b-4fd4dc3f5ab8,Creat Art 300,Creative Writing: Prose (Fiction/Nonfiction),3.0,,,,,6,,,,,,,,,
,b48e3711-d953-48fe-9674-4c16425e918e,Creat Art 305,"Creative Writing: Poetry, Drama, Adaptation",3.0,,,,,6,,,,,,,,,
,0d33c670-ad41-42c3-b76f-f2e45baaa8a8,Creat Art 310,Film Studies,3.0,,,,,6,,,,,,,,,
,76a01eb8-a39f-4b31-aa0e-e96f1534e8ad,Creat Art 315,Drawing and Visual Design,3.0,,,,,6,,,,,,,,,
,91af10cb-43d6-4ff3-8401-e9bb50a74e30,Creat Art 320,Painting,3.0,,,,,6,,,,,,,,,
,ebc431e3-834b-4e94-9d97-11fd8ccaf346,Creat Art 325,Art of Photography,3.0,,,,,6,,,,,,,,,
,5345f22a-7965-480f-9f75-1843156a38fa,Creat Art 330,Art Seminar,3.0,,,,,6,,,,,,,,,
,b82e91c8-dd6d-4409-a58a-4c2c856a4a9a,Creat Art 335,Music Seminar,3.0,,,,,6,,,,,,,,,
,977db3c1-5bb3-462b-a5e4-28ae7b1eac28,Creat Art 340,Fiction and Future Conflict,3.0,,,,,6,,,,,,,,,
,7cbb93d8-73ef-41cc-8d7f-637745858abf,Creat Art 495,Special Topics,3.0,,,,,6,,,,,,,,,
,08051447-8265-4f3a-82fb-8796e81348dd,Creat Art 499,Independent Study,3.0,,,,,6,,,,,,,,,
,db67e8ac-62c8-4e12-827d-a0c095d5b50f,Creat Art 499A,Independent Study,3.0,,,,,6,,,,,,,,,
,0145e58e-a0c6-448e-a0c2-47fbbb184a23,Creat Art 499B,Independent Study,3.0,,,,,6,,,,,,,,,
,b08d26f5-c04e-449f-8af2-6dbbe890c762,Creat Art 499C,Independent Study,3.0,,,,,6,,,,,,,,,
,0bffbb88-2e93-4153-97c9-bbfee6db98ba,Cyber Sci 333,Cyber Warfare,3.0,,,,,6,,,,,,,,,
,e38f3ffa-9ea5-47bc-84c2-00db15506cc7,Cyber Sci 334,Cyber Defense,3.0,,,,,6,,,,,,,,,
,a901c937-bba5-4575-8aff-fc860573a570,Cyber Sci 405,Cyber Science Colloquium I,3.0,,,,,6,,,,,,,,,
,68d6458a-20f5-4014-9e90-84e65da6f01f,Cyber Sci 406,Cyber Science Colloquium II,3.0,,,,,6,,,,,,,,,
,c981669f-940a-4b6f-8263-e1cda83ddfdc,Cyber Sci 431,Cryptography,3.0,,,,,6,,,,,,,,,
,598e698b-b6e0-41bb-a06e-e30e8ba2511b,Cyber Sci 435,Cyber Operations,3.0,,,,,6,,,,,,,,,
,2e782535-f028-4e85-b184-ffb2cd8582f2,Cyber Sci 438,Cyber Science Capstone I,3.0,,,,,6,,,,,,,,,
,7cd8b8db-e08a-4c18-8372-09087627eefc,Cyber Sci 439,Cyber Science Capstone II,3.0,,,,,6,,,,,,,,,
,292deab8-79ee-4cb1-9595-a0d0da439fba,Cyber Sci 495,Special Topics,3.0,,,,,6,,,,,,,,,
,e54131f1-25bc-46ff-b6d1-ae89bf9d3d95,Cyber Sci 499,Independent Study,3.0,,,,,6,,,,,,,,,
,08782081-fa9c-4fdc-9e4b-3db0ead5cbaa,Cyber Sci 499A,Independent Study,3.0,,,,,6,,,,,,,,,
,57aa3f8e-2fa2-44c9-a91d-9a6c3006d89a,Cyber Sci 499B,Independent Study,3.0,,,,,6,,,,,,,,,
,95c5c36a-90a3-4f9e-9bdd-51ef9f5ccd28,Cyber Sci 499C,Independent Study,3.0,,,,,6,,,,,,,,,
,271882fc-c4a3-4b30-b5e5-db59de135548,Data 364,Data Acquisition and Management,3.0,,,,,6,,,,,,,,,
,35d6ce62-2370-40e4-9d49-6756219e078a,Data 421,Data Science Capstone I,3.0,,,,,6,,,,,,,,,
,b3c703d8-25a9-4b12-b622-06f17dbecd4d,Data 422,Data Science Capstone II,3.0,,,,,6,,,,,,,,,
,2700c65c-0750-4936-ab3a-fcbac0016dbe,Data 495,Special Topics,3.0,,,,,6,,,,,,,,,
,e610dca6-742a-4c13-a866-c4b75cb3c94c,Data 499,Independent Study,3.0,,,,,6,,,,,,,,,
,22e166d2-9079-4444-9a04-bfcba3072fe6,Data 499A,Independent Study,3.0,,,,,6,,,,,,,,,
,31360f59-e29b-48c7-8679-313a05cfa432,Data 499B,Independent Study,3.0,,,,,6,,,,,,,,,
,f708c31b-5169-4a57-bafd-3123c3af4978,Data 499C,Independent Study,3.0,,,,,6,,,,,,,,,
,851fc60b-e2ac-4709-a7c9-60c9abe478db,Division Engr 341,Linear Systems Analysis and Design,3.0,,,,,6,,,,,,,,,
,e9ecc0a1-dcf9-43f1-be1e-11da0104a326,Division Hum 200S,Introduction to the Humanities,3.0,,,,,6,,,,,,,,,
,ea852df6-5b2c-4cfd-a6d0-126609613d51,EAP 109,Academic Communication for English as a Second Language Four-year Exchange Cadets,3.0,,,,,6,,,,,,,,,
,5840ed54-892e-46f0-962c-4c414f97eef4,EAP 209,Academic Communication for English as a Second Language Semester-Exchange Cadets,3.0,,,,,6,,,,,,,,,
,2ae9f23a-5817-4b3d-9127-87eac4906a95,ECE 210,Introduction to Electrical and Computer Engineering,3.0,,,,,6,,,,,,,,,
,c5cb9cc0-fcb6-4ac7-9424-65d58902966d,ECE 215,Principles of Electronic Cyber Warfare,3.0,,,,,6,,,,,,,,,
,01ad91af-95b8-45af-b6ed-4cc5e5aa5851,ECE 215S,Principles of Electronic Cyber Warfare for Academy Scholars,3.0,,,,,6,,,,,,,,,
,8beba075-d00a-4b02-90a1-efd186bfe42f,ECE 245,Differential Equations with Circuit Applications I,3.0,,,,,6,,,,,,,,,
,990c2690-28b0-4c7f-81da-70ef8cab4fa2,ECE 281,Digital Design and Computer Architecture,3.0,,,,,6,,,,,,,,,
,29b659c7-cae0-4bff-8843-23cd0e8622b1,ECE 311,Electric Power,3.0,,,,,6,,,,,,,,,
,1ae89bc1-a0c1-44e9-abe8-4a4f5a1b4d1c,ECE 315,Principles of Air Force Electronic and Cyber Systems,3.0,,,,,6,,,,,,,,,
,a9b8f6fa-a084-4a54-9b8c-9734351a9a31,ECE 321,Electronics I,3.0,,,,,6,,,,,,,,,
,a58a5c13-a6fa-4101-981a-d392d2458480,ECE 332,Differential Equations with Circuit Applications II,3.0,,,,,6,,,,,,,,,
,a76284de-fea6-4e41-8672-9860a8453fea,ECE 333,Signal Processing and Linear Systems,3.0,,,,,6,,,,,,,,,
,98d236ac-7b0f-41f0-a38f-ce3207cb8760,ECE 343,Electromagnetics,3.0,,,,,6,,,,,,,,,
,70fac47f-1ff9-499e-8a55-acd7a7ada4b3,ECE 346,Engineering Mathematics with ECE Applications,3.0,,,,,6,,,,,,,,,
,26d94bfd-6af1-41b2-aae0-5f26f97ea616,ECE 348,Telecommunication Principles,3.0,,,,,6,,,,,,,,,
,5877cf68-a849-48f8-9216-61c59ab8ac0f,ECE 360,Instrumentation Systems,3.0,,,,,6,,,,,,,,,
,3cfc8338-b373-4bbb-ae42-1a5e867cd0ff,ECE 373,Digital VLSI Circuits,3.0,,,,,6,,,,,,,,,
,1d08e5a2-e431-44e3-9064-0f41a73b4394,ECE 382,Embedded Computer Systems I,3.0,,,,,6,,,,,,,,,
,4bc2e60c-f75d-4f79-9f73-14ac74cc04a8,ECE 383,Embedded Computer Systems II,3.0,,,,,6,,,,,,,,,
,89d11f18-5d87-4b42-859f-d0e72cda4898,ECE 386,AI Hardware Applications,3.0,,,,,6,,,,,,,,,
,1e192e3b-994f-4bc9-8989-b44a93fbab40,ECE 387,Introduction to Robotic Systems,3.0,,,,,6,,,,,,,,,
,1bcc2f0b-410d-405c-9260-71b9317e673d,ECE 423,Power Electronics,3.0,,,,,6,,,,,,,,,
,4058a739-3ff4-4ec1-9b6c-0b6c39aa1b3c,ECE 434,Digital Signal Processing,3.0,,,,,6,,,,,,,,,
,36e90494-8859-43b2-8c9f-580ab2610491,ECE 444,Applied Electromagnetics,3.0,,,,,6,,,,,,,,,
,80e2969a-e2c4-45c9-9098-5030a26bf285,ECE 446,Applied Communication Systems,3.0,,,,,6,,,,,,,,,
,18c6019f-d7cb-4cf6-bb57-a3209db1d637,ECE 447,Communications Systems,3.0,,,,,6,,,,,,,,,
,741bfa7f-f2ca-4378-9147-adac6d4e9c9c,ECE 448,Applications of Software Defined Radios,3.0,,,,,6,,,,,,,,,
,4e7658e6-dce3-4516-b3e6-f0710e764e26,ECE 463,Capstone Design Project I,3.0,,,,,6,,,,,,,,,
,cfaf1507-b4e8-4266-86a3-533cf91eda77,ECE 464,Capstone Design Project II,3.0,,,,,6,,,,,,,,,
,426dd7d1-7438-457e-8314-54c26376e36c,ECE 472,Instrumentation System Fundamentals,3.0,,,,,6,,,,,,,,,
,c690d75d-4d60-4fbb-a20b-d2cad8c2260e,ECE 473,Introduction to CMOS VLSI Circuit Design,3.0,,,,,6,,,,,,,,,
,a502d9f6-87ab-444a-ae4e-7b5171db517b,ECE 484,Advanced Digital System Design,3.0,,,,,6,,,,,,,,,
,4a6eb203-222a-424b-82e8-16970118c777,ECE 485,Advanced Computer Architecture,3.0,,,,,6,,,,,,,,,
,9396b871-fb7a-48e7-9705-4652e821c509,ECE 487,Advanced Robotics,3.0,,,,,6,,,,,,,,,
,69b32f49-d5a9-416c-86b7-898fb52e2cef,ECE 495,Special Topics,3.0,,,,,6,,,,,,,,,
,d0c64fab-c0e5-419e-89fc-dc671865b572,ECE 499,Independent Study,3.0,,,,,6,,,,,,,,,
,53d91d94-5642-4221-b8fa-6f212022020a,ECE 499A,Independent Study,3.0,,,,,6,,,,,,,,,
,5ab981aa-aad4-4345-a81f-32ae012c9ce6,ECE 499B,Independent Study,3.0,,,,,6,,,,,,,,,
,92305513-26f3-464f-bd06-e1621f8fb5ce,ECE 499C,Independent Study,3.0,,,,,6,,,,,,,,,
,62ba5112-d06c-4d38-87eb-7394398ce294,Econ 201,Introduction to Economics,3.0,,,,,6,,,,,,,,,
,a5ddb85e-5d74-48c3-91b1-398a0353fa45,Econ 201S,Introduction to Economics (Scholars),3.0,,,,,6,,,,,,,,,
,aa3d4840-ad3c-463e-bbba-c884312f22ca,Econ 332,Intermediate Microeconomics I: Competitive Markets,3.0,,,,,6,,,,,,,,,
,d1ea7cef-a654-4caa-a959-dba97ddf797d,Econ 333,Intermediate Microeconomics II: Market Failures and Advanced Topics,3.0,,,,,6,,,,,,,,,
,e32feafa-ee5e-4545-afc8-646df52bcc65,Econ 340,Economics of Inequality,3.0,,,,,6,,,,,,,,,
,96dc6674-968a-4d79-bca9-9841a94a8820,Econ 350,Intermediate Macroeconomics,3.0,,,,,6,,,,,,,,,
,5cdca445-4c73-4f25-8829-365efcc07992,Econ 351,Comparative Economic Systems,3.0,,,,,6,,,,,,,,,
,7039effb-053d-4945-b879-73549cd05fa4,Econ 361,Statistics and Research Methods for Economists,3.0,,,,,6,,,,,,,,,
,40c68e90-5e40-40b4-81b5-7aa54e6abdce,Econ 365,Econometrics I,3.0,,,,,6,,,,,,,,,
,4643ca4f-12b1-4c5d-9c19-443e04992d13,Econ 367,Industrial Organization,3.0,,,,,6,,,,,,,,,
,0ba6cb5d-7f8e-4936-9025-96890084a7e4,Econ 369,Causal Pathways: A Social Science Approach to Interdisciplinary Problems,3.0,,,,,6,,,,,,,,,
,99ec1f67-fe17-487f-ab6d-7d10578e6f89,Econ 374,Survey of International Economics Issues,3.0,,,,,6,,,,,,,,,
,c2287b5d-531d-4b88-bf28-d6eba16b3d36,Econ 377,Financial Markets,3.0,,,,,6,,,,,,,,,
,3646f403-acfc-440f-a6c5-250abcf42861,Econ 411,Introduction to Game Theory,3.0,,,,,6,,,,,,,,,
,e01ded7c-cb2a-4421-bbb8-3ecbdadc6c1b,Econ 422,Labor Economics,3.0,,,,,6,,,,,,,,,
,c6ba1b0f-beca-43d6-986c-f51923e98d29,Econ 423,Administered by the Department of Economics and Geosciences,3.0,,,,,6,,,,,,,,,
,52085587-33d1-4542-ba87-6a8459c78144,Econ 440,Development of Economic Thought,3.0,,,,,6,,,,,,,,,
,b5a6c711-bdf8-4965-9c9f-46cef0ea854c,Econ 447,Quantitative Economic Methods,3.0,,,,,6,,,,,,,,,
,940284a1-fbf6-4600-a038-8aa90105bce1,Econ 450,International Economics,3.0,,,,,6,,,,,,,,,
,23e92dc6-3e3b-457d-9d7e-4f2881168a74,Econ 454,Economics of Development and Conflict,3.0,,,,,6,,,,,,,,,
,2501acdc-a588-4205-ac5f-84fde113e0a9,Econ 465,Econometrics II,3.0,,,,,6,,,,,,,,,
,f6bdb601-1883-4d9b-ab5c-2bc666cbf63c,Econ 466,Advanced Econometrics,3.0,,,,,6,,,,,,,,,
,76d1219b-f261-4ed9-a1ce-c976fb4f4607,Econ 473,Public Economics,3.0,,,,,6,,,,,,,,,
,042511fd-922f-483b-9d1a-822a875967eb,Econ 475,"Money, Banking and Financial Institutions",3.0,,,,,6,,,,,,,,,
,e9b4205f-6fea-484d-b51f-02ea2638c170,Econ 476,The Economics of Sports,3.0,,,,,6,,,,,,,,,
,6a3cdba5-5e84-46a1-a88b-824996f0b35d,Econ 480,Final project,3.0,,,,,6,,,,,,,,,
,c48e66f8-29c4-4593-9691-e92ebb910d80,Econ 481,Applied Economic Research Capstone I,3.0,,,,,6,,,,,,,,,
,acdbc1dc-976a-4cd4-a755-b32c2d7a2f35,Econ 482,Applied Economic Research Capstone II,3.0,,,,,6,,,,,,,,,
,8a71e8da-f446-4ffb-86f0-aeea8357ccf1,Econ 495,Special Topics,3.0,,,,,6,,,,,,,,,
,753c3218-c42a-4933-b6b6-fd448c473576,Econ 499,Independent Study,3.0,,,,,6,,,,,,,,,
,95c9f803-75f6-4b09-b137-75d5b3091ade,Econ 499A,Independent Study,3.0,,,,,6,,,,,,,,,
,b02b7ff9-7fe3-4d4a-af48-f802543572df,Econ 499B,Independent Study,3.0,,,,,6,,,,,,,,,
,3768afd0-2ecd-4a86-9225-a24d4dc2f406,Econ 499C,Independent Study,3.0,,,,,6,,,,,,,,,
,1bf7a97f-ed1c-4b50-867d-35acf61c68dd,Ed Aca 499,Independent Study,3.0,,,,,6,,,,,,,,,
,89913edb-119b-40a8-b0e0-5b5da294cb36,Ed Aca 499A,Independent Study,3.0,,,,,6,,,,,,,,,
,4c9bceb9-457c-4161-bf5a-d16272081381,Ed Aca 499B,Independent Study,3.0,,,,,6,,,,,,,,,
,17790d4f-5243-45e2-8578-cb5f055da443,Ed Aca 499C,Independent Study,3.0,,,,,6,,,,,,,,,
,a356356a-ae24-4a22-88cd-7dd00ea88cfd,English 111,Introductory Composition and Research,3.0,,,,,6,,,,,,,,,
,b4e8558f-5075-43e3-8aba-8f310e17356d,English 111S,Introductory Composition and Research,3.0,,,,,6,,,,,,,,,
,b03c9dfc-2bfd-4021-bcea-6e67245d27a2,English 200S,Literature and the Fine Arts I (Medieval Period to the Enlightenment),3.0,,,,,6,,,,,,,,,
,5187d80c-c92f-48c5-b78c-8aeb44b272d8,English 211,Literature and Intermediate Composition,3.0,,,,,6,,,,,,,,,
,5097e8a0-7a25-49d4-a4ab-7a916a10637e,English 211S,Literature and Intermediate Composition,3.0,,,,,6,,,,,,,,,
,22462338-90c0-47d8-b25f-4ba32bf51e44,English 212,Literature and Intermediate Composition: Digital Humanities,3.0,,,,,6,,,,,,,,,
,0528af08-2827-4b5d-bc86-c952e2d40d73,English 300,Literary and Linguistic Problems,3.0,,,,,6,,,,,,,,,
,a3e0adbb-df55-4326-92d7-1b8d0c434720,English 303,Classical Literature,3.0,,,,,6,,,,,,,,,
,2c460d75-c310-4b0f-a158-c2ba24319f92,English 308,Medieval and Renaissance Literature,3.0,,,,,6,,,,,,,,,
,ae203038-d410-4e5b-9ac9-5125689d4792,English 313,Seventeenth- and Eighteenth-Century Literature,3.0,,,,,6,,,,,,,,,
,af377268-5203-4bc7-8014-af6d55130432,English 319,Nineteenth-Century Literature,3.0,,,,,6,,,,,,,,,
,2edd95fd-93a0-44b0-8e71-1f2205c9e0ab,English 324,Twentieth-Century Literature,3.0,,,,,6,,,,,,,,,
,803f8fde-e568-471b-9713-e8e9bf8764fc,English 330,Twenty-First-Century Literature,3.0,,,,,6,,,,,,,,,
,2988fa79-0fc4-424d-ba34-e9acdbf7a83b,English 335,Speech and Communication Studies,3.0,,,,,6,,,,,,,,,
,c9d4aef7-e204-4f80-b1e1-30564002877f,English 340,Genre and Form,3.0,,,,,6,,,,,,,,,
,1e21fed6-a1c1-472a-a863-9dd699a4f59b,English 345,Digital Humanities,3.0,,,,,6,,,,,,,,,
,26f14491-61d9-4c69-82dc-918c674c5b13,English 350,World Literature,3.0,,,,,6,,,,,,,,,
,f8df8e5e-3485-4100-9732-37e10920c6ea,English 355,"Literature, Language, and Culture",3.0,,,,,6,,,,,,,,,
,10e62ede-e1f2-4762-8db3-9e788cafcf34,English 360,"Literature, Language, and Sexuality",3.0,,,,,6,,,,,,,,,
,4b668374-f565-480d-8902-4ffee6fa31ac,English 365,"Literature, Language, and Class",3.0,,,,,6,,,,,,,,,
,66cca2ed-6fd5-495c-913b-b5440527930e,English 370,Special Topics in War and Literature,3.0,,,,,6,,,,,,,,,
,7b27aa2e-a9f8-470a-95a1-ae58a1c7e6ae,English 375,"Literature, Language, and Science",3.0,,,,,6,,,,,,,,,
,3aa898a6-009b-4689-831e-3e5aeb13b312,English 380,"Literature, Language, and Politics",3.0,,,,,6,,,,,,,,,
,3de18003-40bf-43fb-91ab-2a5c822e10d9,English 385,"Literature, Language, and Philosophy",3.0,,,,,6,,,,,,,,,
,c8415644-ee57-443f-bbdb-2536da3369c8,English 400S,Literature and the Fine Arts II (Enlightenment to the 20th Century),3.0,,,,,6,,,,,,,,,
,62a882af-7417-4e73-8df3-fc0fad116e43,English 411,War Stories,3.0,,,,,6,,,,,,,,,
,eeba90b6-7a73-4b96-a06e-a1f667c9909b,English 489,Capstone Research,3.0,,,,,6,,,,,,,,,
,32a6f23f-3394-44c8-9fb8-7b1922318ed8,English 490,Capstone Colloquium,3.0,,,,,6,,,,,,,,,
,e1a4bebe-c930-463c-8b2c-24224ba7cbc1,English 495,Special topics,3.0,,,,,6,,,,,,,,,
,7e25c5ab-bd57-49f7-9715-f5404d3ad71c,English 499,Independent Study,3.0,,,,,6,,,,,,,,,
,5d5de2da-3ce8-48e7-a6e4-ea8983a4bc24,English 499A,Independent Study,3.0,,,,,6,,,,,,,,,
,4679f9cd-e8c3-4d9d-a851-4830a3bdec24,English 499B,Independent Study,3.0,,,,,6,,,,,,,,,
,5f962dac-71aa-411c-90e0-542cbc4eb092,English 499C,Independent Study,3.0,,,,,6,,,,,,,,,
,0c53c994-1695-4458-82ed-62ec58ce8cf6,Engr 342,Linear Control System Analysis and Design,3.0,,,,,6,,,,,,,,,
,42923a1d-a0dd-4d52-9793-b6b09ae846ea,Engr 346,Engineering Mathematics with Applications,3.0,,,,,6,,,,,,,,,
,a9fee43d-cd6f-42cf-9060-a158bfba410d,Engr 400,Divisional Seminar,3.0,,,,,6,,,,,,,,,
,99634a75-27fc-4706-b9e6-0b4f752dd719,Engr 401,Engineering Divisional Core Substitute,3.0,,,,,6,,,,,,,,,
,9bd991f1-6df6-49bf-8de8-1c24071683a5,Engr 402,Professional Engineering Development,3.0,,,,,6,,,,,,,,,
,7775df85-e4aa-47b9-9782-7e135bb8ce33,Engr 443,Advanced Control Theory and Design,3.0,,,,,6,,,,,,,,,
,4a631307-f030-4082-842b-d35b9a94c20a,Engr 495,Special Topics in Engineering,3.0,,,,,6,,,,,,,,,
,6cce0a7b-be86-4314-a2f0-c49108fc4539,FYE 101,First-Year Experience 101,3.0,,,,,6,,,,,,,,,
,14cb8808-dd6d-411d-89a6-5e42a57be85d,FYE 102,First-Year Experience 102,3.0,,,,,6,,,,,,,,,
,1d80ad62-bb2a-440c-b9f6-369c3bab3ae9,For Lang 131,Foreign Language 131,3.0,,,,,1,,,,,,,,,
,e26ecfa5-8146-4891-baa1-6c8b21ff6408,For Lang 132,Foreign Language 132,3.0,,,,,1,,,,,,,,,
,cfd02d7b-a892-4c36-9633-af8d6311807b,For Lang 221,Refinement of communication in the target language,3.0,,,,,6,,,,,,,,,
,01df7749-131f-49ee-8587-4b1a9a05eb2d,For Lang 222,Continued refinement of target language,3.0,,,,,6,,,,,,,,,
,b84c3467-eeb0-4bec-a9c4-279b7e0ff637,For Lang 495,Special Topics,3.0,,,,,6,,,,,,,,,
,babd6f1f-acea-4c49-bf3a-ec92fd87ae7f,For Lang 499,Independent Study,3.0,,,,,6,,,,,,,,,
,a4264c25-3d21-49a9-8fbe-9542121b8d37,For Lang 499A,Independent Study,3.0,,,,,6,,,,,,,,,
,10481922-acb7-4007-bf23-e4573f39bd28,For Lang 499B,Independent Study,3.0,,,,,6,,,,,,,,,
,68d20d64-371f-4f7b-a9db-aedd6c1c0ebf,For Lang 499C,Independent Study,3.0,,,,,6,,,,,,,,,
,c50776c5-a8b9-4016-9d5a-dfc5768d33a3,French 321,Advanced French I,3.0,,,,,6,,,,,,,,,
,ea216735-65dc-4243-9670-0cc74c8e5a88,French 365,French Civilization and Culture,3.0,,,,,6,,,,,,,,,
,bfc19746-2110-4691-a6c7-4ddf957659f4,French 430,French Film and Media,3.0,,,,,6,,,,,,,,,
,09b2fe0a-f040-4350-906a-70eb9d2c641c,GENR 105,Behavioral Sciences Option Placeholder,3.0,,,,,1,,,,,,,,,
,9c7a8d1b-dbc0-4c33-8207-7586778b50c0,GENR 107,Chemistry Option Placeholder,3.0,,,,,1,,,,,,,,,
,8f1c49ae-1736-4185-8f9a-c25faf65f9b4,GENR 112,Economics Option Placeholder,3.0,,,,,1,,,,,,,,,
,ce3d3c42-39e9-4d0b-8ba5-b522f3534623,GENR 120,Legal Studies Option Placeholder,3.0,,,,,1,,,,,,,,,
,9a34896d-132f-4b75-af9e-afd98a57ed6e,GENR 123,Mechanical Engineering Option Placeholder,3.0,,,,,1,,,,,,,,,
,9ff02115-75e1-47b9-bf6b-4bff40c75107,GENR 126,Operations Research Option Placeholder,3.0,,,,,1,,,,,,,,,
,edcaba02-aff9-472a-ab9e-9ecaa6ab956f,GENR 127,Philosophy Option Placeholder,3.0,,,,,1,,,,,,,,,
,19146e59-3ef3-406f-a6ba-456f45b9142a,GENR 128,Physics Option Placeholder,3.0,,,,,1,,,,,,,,,
,caddc7f5-a269-46b8-805f-5815d7c82db4,GENR 132,Aerospace Materials Option Placeholder,3.0,,,,,1,,,,,,,,,
,7df10b4e-f22a-4094-b7b0-f8cf90165469,GENR 133,Airpower Studies Option Placeholder,3.0,,,,,1,,,,,,,,,
,664808db-65e2-477b-b132-5a4b26685141,GENR 134,American Studies Option Placeholder,3.0,,,,,1,,,,,,,,,
,93844506-f330-4694-93a4-a3d1c903899a,GENR 135,Foreign Language Option Placeholder,3.0,,,,,1,,,,,,,,,
,25f3907c-e60f-4918-9c4b-c87bbfe080b9,GENR 136,Future Conflict Option Placeholder,3.0,,,,,1,,,,,,,,,
,cbdd7824-188a-4ed0-9465-303bfebc1059,GENR 137,Global Logistics Management Option Placeholder,3.0,,,,,1,,,,,,,,,
,3bf77f9a-5953-42e8-bbcd-1b53d860c3f4,GENR 138,High Performance Computing Option Placeholder,3.0,,,,,1,,,,,,,,,
,977a3925-5111-456c-b531-d5f0cce01017,GENR 139,Nuclear Weapons And Strategy Option Placeholder,3.0,,,,,1,,,,,,,,,
,0669545e-49a5-4590-80fa-c9975f5b8beb,GENR 140,Pre-Health Professions Option Placeholder,3.0,,,,,1,,,,,,,,,
,325d745b-366a-4b34-b8ce-9861c33c1ea0,GENR 141,Quantum Technologies Option Placeholder,3.0,,,,,1,,,,,,,,,
,d20777c0-af7f-4017-924c-36eded5cb271,GENR 142,Religion Studies Option Placeholder,3.0,,,,,1,,,,,,,,,
,863ec7a2-5c58-4484-a0bd-24a9c104ed66,GENR 143,Robotics And Autonomous Systems Option Placeholder,3.0,,,,,1,,,,,,,,,
,204ab747-44ca-4a69-b405-fb131370f107,GENR 144,Space Warfighting Option Placeholder,3.0,,,,,1,,,,,,,,,
,145be55d-a352-47c0-804f-e63d33f40d08,GENR 145,Sustainability Option Placeholder,3.0,,,,,1,,,,,,,,,
,50f21791-8ade-4cd3-9b0f-853a6bd3de83,Geo 250,Human Geography: A Global Cultural Awareness,3.0,,,,,6,,,,,,,,,
,e3b3de64-e8fa-4fd0-94e6-4e4659d026ac,Geo 310,Map Design and Graphic Communication,3.0,,,,,6,,,,,,,,,
,d661eed7-9e1d-4d63-9125-0a5fff6356b1,Geo 340,Introduction to Geographic Information Systems,3.0,,,,,6,,,,,,,,,
,97307843-9316-4e2a-b56c-9226af888929,Geo 351,Physical Geography,3.0,,,,,6,,,,,,,,,
,4bc9481f-572e-4c2e-8e82-0fd900e6e01d,Geo 353,Geomorphology,3.0,,,,,6,,,,,,,,,
,60e45dab-4ec7-440a-9d24-2baffaa9c794,Geo 355,Field Experience in the Geosciences,3.0,,,,,6,,,,,,,,,
,a36f9bd5-a225-450a-843b-3b6987670c13,Geo 360,Economic Geography,3.0,,,,,6,,,,,,,,,
,62335bed-71c3-44ad-a55d-87ee40ec4809,Geo 365,Sustainable Development,3.0,,,,,6,,,,,,,,,
,09dcd8dc-554b-4c02-946b-bda560bc2c64,Geo 366,Introduction to Urban Planning,3.0,,,,,6,,,,,,,,,
,f4b858f3-f008-46d9-bfad-2c6cee61e1c3,Geo 375,Geography of International Conflicts,3.0,,,,,6,,,,,,,,,
,70f43813-ba49-4771-8e2c-a1bdc9938f24,Geo 380,Geography of Travel and Culture,3.0,,,,,6,,,,,,,,,
,c7e0c037-8ab9-41ba-b558-e538d8587345,Geo 382,Remote Sensing and Imagery Analysis,3.0,,,,,6,,,,,,,,,
,0a56cc50-63d6-4d19-9bf1-18a758c108c1,Geo 385,Applied UAS Photogrammetry and Remote Sensing,3.0,,,,,6,,,,,,,,,
,13f07598-c9b2-4014-bc30-20e0076815aa,Geo 412,World Cultural Geography,3.0,,,,,6,,,,,,,,,
,97f713b1-2600-43e5-a646-4fe5d38cc27b,Geo 440,Advanced Geospatial Analysis,3.0,,,,,6,,,,,,,,,
,6969f8ed-fc12-41a7-beb8-ddbe9734a572,Geo 452,Physical Geography of Volcanic Landscapes,3.0,,,,,6,,,,,,,,,
,407e3955-92f7-45aa-a32c-047281864894,Geo 470,Geography of Europe and Russia,3.0,,,,,6,,,,,,,,,
,86076658-2b54-4103-b8c6-038ba06ddc7e,Geo 471,Geography of the Americas,3.0,,,,,6,,,,,,,,,
,c5666adf-6c9d-44e6-a616-e737008a4bba,Geo 475,Geography of Asia,3.0,,,,,6,,,,,,,,,
,c6c978c3-c509-4697-a4bb-ac991d919f65,Geo 480,Geography of the Middle East and Africa,3.0,,,,,6,,,,,,,,,
,c2ebafb7-c6bf-4d85-b4b7-a075a885fcde,Geo 482,Advanced Remote Sensing,3.0,,,,,6,,,,,,,,,
,beb6679d-706c-4ea0-afcc-c4a66b7fd469,Geo 488,Geospatial Intelligence,3.0,,,,,6,,,,,,,,,
,f6c9bd5f-3095-4bf9-8563-8e570e2a7179,Geo 491,Capstone Seminar in Geospatial Science: Military Geography,3.0,,,,,6,,,,,,,,,
,13a1e81b-d3ef-4032-ba1e-ca345263f51c,Geo 495,Special Topics,3.0,,,,,6,,,,,,,,,
,d17ab29d-f197-4f7e-867a-ae69c7f9b2f5,Geo 497,Capstone Research in Geospatial Science,3.0,,,,,6,,,,,,,,,
,f504ad9d-c350-4dd8-8848-90b835294480,Geo 498,Research in Geospatial Science,3.0,,,,,6,,,,,,,,,
,708749bd-0fbb-4954-9286-ab5a05f03232,Geo 499,Independent Study,3.0,,,,,6,,,,,,,,,
,46c18d65-e59f-4fdd-95e2-d0dc1035f7ad,Geo 499A,Independent Study,3.0,,,,,6,,,,,,,,,
,11dc9487-290e-459f-8698-074c2cedcd21,Geo 499B,Independent Study,3.0,,,,,6,,,,,,,,,
,05ce7e81-e6c1-4d72-b932-4c133c456e59,Geo 499C,Independent Study,3.0,,,,,6,,,,,,,,,
,1190436d-f001-47aa-8cb2-1f1a691098a5,German 365,German Civilization and Culture,3.0,,,,,6,,,,,,,,,
,597e4109-b328-4e36-9668-acba2e6b4633,German 411,Germany from Unification to Reunification,3.0,,,,,6,,,,,,,,,
,55ae91a7-fc09-432f-b2a0-8ed643ea8249,German 421,German Thought,3.0,,,,,6,,,,,,,,,
,72d7c20b-6653-4dd4-82ca-aff5b12c05aa,German 430,German Cinema,3.0,,,,,6,,,,,,,,,
,32b75706-56e8-4677-9507-80929fc47a68,German 431,German Art and Media,3.0,,,,,6,,,,,,,,,
,95b8aab4-6e22-482b-85fb-1c4e73062768,History 100,The History of Modern Warfare,3.0,,,,,6,,,,,,,,,
,db2a15c2-3d84-4774-8dab-52d9921ac365,History 200,The Historian's Craft: Introduction to Historical Methodology,3.0,,,,,6,,,,,,,,,
,7b921dc3-6cb6-4c17-b004-c06268e45046,History 210,The Foundations of Modern America,3.0,,,,,6,,,,,,,,,
,9bd59752-c1fd-4d60-a305-7f642ad5e0f2,History 220,Let Freedom Ring?: American History since Reconstruction,3.0,,,,,6,,,,,,,,,
,acd9593b-6036-4d58-a654-a74c9c813245,History 230,Bastille to Brexit: Introduction to Modern European History,3.0,,,,,6,,,,,,,,,
,bb210985-2b24-4da8-8db9-c2d20828755d,History 240,"Steppes, Stalin, and Sputnik: Introduction to Russia and Eurasia",3.0,,,,,6,,,,,,,,,
,dc459f23-dbdb-415a-a75b-bcde39cbc632,History 250,Introduction to the History of the Middle East and North Africa,3.0,,,,,6,,,,,,,,,
,0119f35c-d0df-4c92-b775-6e0be0c2a4fb,History 260,Historia Pasada y Presente: Introduction to Modern Latin American History,3.0,,,,,6,,,,,,,,,
,85e51838-2ce0-4975-ad42-23622b059644,History 270,Modern East Asian History,3.0,,,,,6,,,,,,,,,
,1da849a0-569c-4c01-b598-ae7d882d050a,History 280,Africa South of the Sahara,3.0,,,,,6,,,,,,,,,
,cc35a74c-a55f-49a4-abb3-749c6e6f57a5,History 290,Global Contact and Local Responses in South and Southeast Asia,3.0,,,,,6,,,,,,,,,
,56ac3789-d748-4fbf-9345-d8c52802af17,History 300,World History,3.0,,,,,6,,,,,,,,,
,76d99f77-e9b9-4468-a6f8-8845849b65b6,History 300S,Scholars World History,3.0,,,,,6,,,,,,,,,
,dd35082f-6e5a-400f-a28b-8bd120cfb722,History 320,Winged Defense: The History of Airpower,3.0,,,,,6,,,,,,,,,
,d457cff1-6e6d-4e56-ad92-58f55b21119b,History 321,STEM at War: History of Technology and Warfare,3.0,,,,,6,,,,,,,,,
,3caec91b-70c2-4d50-b11e-b70e1dfde04f,History 322,Conquest of the New Frontier: A History of Space Power,3.0,,,,,6,,,,,,,,,
,d6fdeec7-81bf-4be7-9651-902178f6d6c3,History 323,Sea Power and Modern Warfare,3.0,,,,,6,,,,,,,,,
,66e216e8-62c4-4d8d-bd86-f3e9cdac85cb,History 324,The History of Unconventional Warfare,3.0,,,,,6,,,,,,,,,
,14d3136b-3332-4da9-82bc-2251884e24d3,History 325,Ancient and Medieval Warfare,3.0,,,,,6,,,,,,,,,
,b944db1e-e7e6-4bfb-9047-f551a0ff183f,History 326,The Rise of Gunpowder: The Western Way of War from 1618-1905,3.0,,,,,6,,,,,,,,,
,461e73ba-16bc-473d-adc2-2f34e7df637d,History 327,The Great War: The History of World War I,3.0,,,,,6,,,,,,,,,
,4da906f3-e1e9-4509-b4a6-c47db877d12e,History 328,Axis and Allies: The History of World War II,3.0,,,,,6,,,,,,,,,
,e46effc2-df8e-4221-b11a-ec6d263fdf42,History 329,Korean War and the Cold War,3.0,,,,,6,,,,,,,,,
,89008178-d4b1-4a9b-b1ea-436c51e6b0ea,History 330,The Vietnam War,3.0,,,,,6,,,,,,,,,
,0095c8d8-a880-4517-8a3f-ab2ff3defe2b,History 331,The History of War and Society,3.0,,,,,6,,,,,,,,,
,f8102c0d-d9f3-49e5-82e7-529f138ce55d,History 332,Great Commanders,3.0,,,,,6,,,,,,,,,
,9961f4d7-3625-4a36-994f-e6db3fc3a298,History 333,History of Military Thought and Strategy,3.0,,,,,6,,,,,,,,,
,057106ff-8871-412e-81b4-beea65fb3dfb,History 340,America and the World,3.0,,,,,6,,,,,,,,,
,5e4d5f3f-050d-41ec-a194-1873850d3194,History 341,American Regional Identities,3.0,,,,,6,,,,,,,,,
,6f6d2981-d3fa-4232-8eb3-55196062cd83,History 342,Early Modern Warfare in the Atlantic World,3.0,,,,,6,,,,,,,,,
,7ead6d18-2069-4b80-adf6-e7f1c92cdd27,History 343,The American Revolution,3.0,,,,,6,,,,,,,,,
,67848322-b802-47f6-acee-8c52ab830270,History 344,The American Civil War,3.0,,,,,6,,,,,,,,,
,acd681dc-2512-48dd-848f-e606abac56ce,History 345,The American Way of War,3.0,,,,,6,,,,,,,,,
,55409ff4-6b10-4cf9-ab71-f6400141981f,History 346,Great Americans,3.0,,,,,6,,,,,,,,,
,5c1e31ea-64f3-4e19-9350-e10a119dd3b4,History 347,Power to the People: American Culture in the 1960s and 1970s,3.0,,,,,6,,,,,,,,,
,42e8edf7-a7de-43fe-94df-01ce86f3acb2,History 360,Topics in Regional History: Eastern/Western Europe; Russia; Latin America,3.0,,,,,6,,,,,,,,,
,2b9b14cd-95f4-42a8-9478-bbc4b5246ef4,History 361,"Topics in Regional History: Eastern, Central, or Western Asia; Africa",3.0,,,,,6,,,,,,,,,
,4cecf809-c3c0-4fe3-b974-738cb107dcc1,History 362,Comparative Empires in World History,3.0,,,,,6,,,,,,,,,
,57ce6444-2a8a-4599-b25c-db48d4d84d58,History 363,Modern Colonial Empires and Decolonization,3.0,,,,,6,,,,,,,,,
,fe818961-74b5-4e0a-9be2-8b2322c9e79e,History 364,Biological Sex and Human Sexuality in History,3.0,,,,,6,,,,,,,,,
,425c2f33-1861-4155-858e-192e2c5a9c4e,History 365,Topics in Ancient and Early Modern World History,3.0,,,,,6,,,,,,,,,
,6d191bab-93f5-4ddb-bf35-0cdabd9132a6,History 366,"Nationalism, Human Difference, and Conflict",3.0,,,,,6,,,,,,,,,
,69ee8f7e-8dea-4b4f-b907-7a6cbbb9a85e,History 367,Oceanic Systems,3.0,,,,,6,,,,,,,,,
,2e62f07d-01a7-4c91-b48b-b95823ebb68a,History 368,Big Ideas: Intellectual Trends in World History,3.0,,,,,6,,,,,,,,,
,f5e9f343-5810-4bce-a146-af0d462ee930,History 369,"Globalization: The History of People, Products, Ideas, and Systems in Motion",3.0,,,,,6,,,,,,,,,
,0ea1fb3f-1ba4-43e5-b4ba-a1e4629fc37b,History 380,Film in History,3.0,,,,,6,,,,,,,,,
,69145ad1-f2fe-48b5-ae9d-c28c3d19bcb0,History 400,Advanced Seminar: Historiography,3.0,,,,,6,,,,,,,,,
,a77c3004-cd95-410a-9508-1764c6e00be5,History 401,Senior Seminar: Research/Senior Thesis or Project,3.0,,,,,6,,,,,,,,,
,ef291459-8503-468a-a935-8860370d312e,History 402,Global Dimensions of History: Capstone for FAS History Majors,3.0,,,,,6,,,,,,,,,
,1e363431-b23d-4cbb-9dc7-603b6f8efc1d,History 495,Special Topics,3.0,,,,,6,,,,,,,,,
,11f878a4-5aaf-4a5e-a950-cce18ab1f1c5,History 499,Independent Study,3.0,,,,,6,,,,,,,,,
,ac2b26d0-defc-489b-9d10-223bd20e5a9f,History 499A,Independent Study,3.0,,,,,6,,,,,,,,,
,502f1e69-7465-4c5c-898b-7f108b8c4a7f,History 499B,Independent Study,3.0,,,,,6,,,,,,,,,
,83498ea9-09b4-4eb3-859d-0adf32398ec2,History 499C,Independent Study,3.0,,,,,6,,,,,,,,,
,f067c39a-455e-48b9-a185-7491a8f9eefd,Hum 400S,Humanities Seminar,3.0,,,,,6,,,,,,,,,
,24b47e7e-120f-4880-a1a5-7e9185287311,Hum 401,Humanities Divisional Core Substitute,3.0,,,,,6,,,,,,,,,
,fa6eac82-45da-4324-bd47-41757396e632,Hum 402,Scholarship Studies,3.0,,,,,6,,,,,,,,,
,66f737b3-056e-42fc-9fc5-2d415d21bab6,Hum 430,The Holocaust,3.0,,,,,6,,,,,,,,,
,c4d9e6b0-5e46-44b4-b14d-fdd31e8f848c,Hum 461,Russian Literature,3.0,,,,,6,,,,,,,,,
,21f86ae7-eb4e-48e7-a01d-3ad50627e177,Hum 463,Far Eastern Literature,3.0,,,,,6,,,,,,,,,
,239989d6-fc53-4be1-b5b7-3415ca3836e5,Hum 495,Special Topics,3.0,,,,,6,,,,,,,,,
,b65c679e-00cd-40ee-9438-433e984b00c5,Interdis 331,Strategic Competition,3.0,,,,,6,,,,,,,,,
,ac688376-f9f5-48ac-81dd-7bcd4cb057c1,Interdis 350,Adversary Doctrine,3.0,,,,,6,,,,,,,,,
,f17a29de-16f1-43d5-9bc1-46a39ad55315,Interdis 421,Problems in Strategy & Tactics,3.0,,,,,6,,,,,,,,,
,4596d3c9-8777-437e-b50f-1b1554c578c6,Interdis 463S,Reflecting on Wicked Problems,3.0,,,,,6,,,,,,,,,
,bb1ec78c-418f-4da1-99d8-74d219078bbd,Interdis 495,Interdisciplinary Special Topics,3.0,,,,,6,,,,,,,,,
,6d9d2739-fcf3-47eb-9433-d71e34583957,Interdis 499,Independent Study,3.0,,,,,6,,,,,,,,,
,1acf48e9-9b3c-4ca3-9abc-106eed54e954,Law 220,Law for Department of the Air Force Officers,3.0,,,,,6,,,,,,,,,
,50c46b9b-657f-4143-8d96-b519529dd7ce,Law 220S,Law for Department of the Air Force Officers,3.0,,,,,6,,,,,,,,,
,e5d3d276-8d71-46f3-8651-937513800896,Law 221,Legal Research and Writing,3.0,,,,,6,,,,,,,,,
,a7bb4737-4498-486c-a809-fa2e821f6761,Law 321,Legal Advocacy,3.0,,,,,6,,,,,,,,,
,8b279606-dfd9-49ae-8646-7cf6583ec9e7,Law 331,Criminal Law and Procedure,3.0,,,,,6,,,,,,,,,
,0db4f4bf-5cab-428e-a97d-cf089f7bb516,Law 340,Business Law,3.0,,,,,6,,,,,,,,,
,5184c8e1-9210-4c02-b11b-121d7449a84c,Law 360,Law and Literature,3.0,,,,,6,,,,,,,,,
,3c41c551-cefc-4382-b358-45ae4d92b9c6,Law 363,International Law,3.0,,,,,6,,,,,,,,,
,4091d84f-13ff-455c-af1d-5a196ebfc733,Law 412,Comparative Constitutional Law,3.0,,,,,6,,,,,,,,,
,2c900499-0cbe-4479-b7f6-f36a4b9fc0fe,Law 419,Space Law,3.0,,,,,6,,,,,,,,,
,e1f541ea-5848-4ded-8665-41de4a665d33,Law 421,Law for Commanders,3.0,,,,,6,,,,,,,,,
,34882e97-0afa-4352-b60a-d2cb39b3da1e,Law 422,"Final paper, project, report, or exam",3.0,,,,,6,,,,,,,,,
,918efbca-e556-40dc-9a7a-a3c42cd89a7a,Law 440,Cyber Law,3.0,,,,,6,,,,,,,,,
,33e4a6d1-81eb-4daf-b5c0-09f158f060c2,Law 442,Law and Emerging Technology,3.0,,,,,6,,,,,,,,,
,8878262b-eb3e-4947-ac77-51fb78af7e92,Law 456,National Security Law,3.0,,,,,6,,,,,,,,,
,4c7e85d6-97d4-460f-9ffe-f1450e10a5a3,Law 463,Law of War,3.0,,,,,6,,,,,,,,,
,90edc889-c4c2-4598-94cc-2078c6d8e18a,Law 466,Advanced Law of War Topics,3.0,,,,,6,,,,,,,,,
,a1b1c320-132d-4d57-8b34-c7912537b220,Law 480,Topics in Constitutional Law and Appellate Advocacy,3.0,,,,,6,,,,,,,,,
,03fb4e3a-a6fd-42e9-82ad-e092b4f5e5af,Law 485,Legal Studies Capstone,3.0,,,,,6,,,,,,,,,
,286f7239-c1b1-48eb-9c11-474f86340b14,Law 495,Special Topics,3.0,,,,,6,,,,,,,,,
,e61b7748-917e-4d42-b423-9cb815e7e4be,Law 499,Independent Study,3.0,,,,,6,,,,,,,,,
,f0b9a02a-61e5-4678-b1b0-cb58acb8b7c8,Law 499A,Independent Study,3.0,,,,,6,,,,,,,,,
,19d11293-f1bf-4984-b99b-2f0842b9ea9f,Law 499B,Independent Study,3.0,,,,,6,,,,,,,,,
,035641d7-9682-4b6c-990b-9c553cf98fc8,Law 499C,Independent Study,3.0,,,,,6,,,,,,,,,
,25ae0715-710d-425b-8315-f1e4697206c5,Ldrshp 100,Interpersonal Foundations,3.0,,,,,6,,,,,,,,,
,8d6281bf-de0a-4e86-a854-4737b5d4bd48,Ldrshp 200,Foundations for Interpersonal Leadership,3.0,,,,,6,,,,,,,,,
,13244e39-8a28-4df3-857f-dca53ea5c440,Ldrshp 300,Foundations for Team Leadership,3.0,,,,,6,,,,,,,,,
,07a26750-eae9-41d7-907f-39304f1f107a,Ldrshp 400,Leadership Capstone,3.0,,,,,6,,,,,,,,,
,37f10496-9a4f-41be-8f53-76bf4e84e80e,Lrn Strt 101,Learning Strategies for Academic and Career Success,3.0,,,,,6,,,,,,,,,
,0cb16d32-6ac1-4121-b40d-128b0cbe3d8f,Lrn Strt 102,Learning Strategies for Academic and Career Success (Abridged),3.0,,,,,6,,,,,,,,,
,8a86b47b-a6e1-4200-a67f-26edea3313af,ME 205,Engineering Tools Seminar,3.0,,,,,6,,,,,,,,,
,d3088e74-8aa7-424a-9f04-3d753538b15a,MSS 251,Air and Space Power in Joint Operations Strategy,3.0,,,,,6,,,,,,,,,
,17266fa4-cbf7-4c7f-bf23-9aab111e7bed,MSS 251S,Air and Space Power in Joint Operations Strategy,3.0,,,,,6,,,,,,,,,
,0e78b3fb-d857-4aff-b3bb-356d4ff621f1,MSS 298,Research Methods,3.0,,,,,6,,,,,,,,,
,b650a1b6-bf31-444b-9ffa-71559eb08826,MSS 302,Future Conflict and Disruptive Technologies,3.0,,,,,6,,,,,,,,,
,77a90e2e-b64e-445a-b504-909eb863897f,MSS 343,"Foundations of Joint Air, Space, and Cyber Strategy",3.0,,,,,6,,,,,,,,,
,c473d4d0-272e-45af-835d-d5e1f5545189,MSS 353,Strategies of Military Innovation,3.0,,,,,6,,,,,,,,,
,70afd0bf-93a0-4138-b4f8-1f033abd6ad1,MSS 363,"Intelligence, Surveillance, and Reconnaissance Analysis",3.0,,,,,6,,,,,,,,,
,f758a583-3733-4fe6-a4d3-38320ed86370,MSS 369,Spectrum of Conflict,3.0,,,,,6,,,,,,,,,
,540b3cd7-33a0-46fd-9b2e-e7ae0777f7f4,MSS 371,Joint Targeting and Strategy,3.0,,,,,6,,,,,,,,,
,63cfbfca-d997-469e-abc6-85807ee854d4,MSS 372,Wargame Design for Military & Strategic Studies,3.0,,,,,6,,,,,,,,,
,6149c388-5a96-4579-b8a7-366870e42e67,MSS 377,Airpower for Combined Effects 3. Choose one of the following technical options:,3.0,,,,,6,,,,,,,,,
,5747a1b1-b4f3-450d-8f79-c3ccf642f1f2,MSS 381,Air Warfare Operations and Planning,3.0,,,,,6,,,,,,,,,
,2c1cca0b-1944-4b3f-acea-0136d21767b5,MSS 421,International Power Projection,3.0,,,,,6,,,,,,,,,
,6f57372d-3ae7-41f8-b268-90336b91efcb,MSS 422,Strategy of Special Operations,3.0,,,,,6,,,,,,,,,
,32c378eb-ff61-468a-a7ca-86cf305c05d6,MSS 423,Nuclear Operations and Warfighting Strategy,3.0,,,,,6,,,,,,,,,
,53a3f85d-6f9f-459b-8bda-bda6fa86bd2c,MSS 444,Space and Cyber Strategy for National Security,3.0,,,,,6,,,,,,,,,
,85f092ba-4065-4d95-9004-455bde66ff72,MSS 490,Strategy in Asia and the Pacific,3.0,,,,,6,,,,,,,,,
,ec669a2f-4920-4855-89d4-042368ea32ab,MSS 491,Strategy in the Americas,3.0,,,,,6,,,,,,,,,
,e6fa67ce-9f73-4676-bf24-1b87f0cb840f,MSS 493,Strategy in Eurasia,3.0,,,,,6,,,,,,,,,
,f30414c0-6cd2-4838-8c87-23ab305c1d60,MSS 494,Strategy in the Middle East and Africa,3.0,,,,,6,,,,,,,,,
,ad09c918-c099-4e37-80f0-f24b7ce4ebd6,MSS 495,Special Topics,3.0,,,,,6,,,,,,,,,
,5fbd4500-08a6-48c1-bd81-2dcfb2a18371,MSS 498,Capstone Course in Joint Strategy,3.0,,,,,6,,,,,,,,,
,31a5b18e-ee97-4b17-ba80-642bebe4e5c5,MSS 499,Independent Study,3.0,,,,,6,,,,,,,,,
,64df440e-4211-46d5-b74d-b081a1fc1ffb,MSS 499A,Independent Study,3.0,,,,,6,,,,,,,,,
,fb447c06-bf0c-4455-9caf-4ff63778f381,MSS 499B,Independent Study,3.0,,,,,6,,,,,,,,,
,5a39ea9e-f9ad-4372-93d4-1a18c37dd3dc,MSS 499C,Independent Study,3.0,,,,,6,,,,,,,,,
,e5cdd9d1-e9e3-4864-9360-c9028060b114,Math 130,Basic Math – Algebra and Trigonometry,3.0,,,,,6,,,,,,,,,
,f028b4bc-6dad-4667-82b3-ea6309e26cc1,Math 141,Calculus I,3.0,,,,,6,,,,,,,,,
,f12efd97-dd2e-4763-8d1b-28edd8466606,Math 142,Calculus II,3.0,,,,,6,,,,,,,,,
,da2e9117-d23f-42a5-a7f3-23f35974261d,Math 152,Advanced Placed Calculus II,3.0,,,,,6,,,,,,,,,
,456ddba1-469b-4c3a-8d73-3963c6e66968,Math 243,Calculus III,3.0,,,,,6,,,,,,,,,
,b28d4ebe-658a-4b61-b96c-6b7382b4e269,Math 245,Differential Equations,3.0,,,,,6,,,,,,,,,
,5c1413ea-9199-4e9e-883d-f63876625da4,Math 253,Calculus III,3.0,,,,,6,,,,,,,,,
,05d5d316-dbfc-48c7-8191-d8458c24d133,Math 300,Introduction to Statistics,3.0,,,,,6,,,,,,,,,
,3e8a50a1-776a-4b3a-97cf-30cb33d14cc7,Math 320,Foundations of Mathematics,3.0,,,,,6,,,,,,,,,
,44e7915b-06ce-4d0d-827e-fe7cc20e99f9,Math 340,Discrete Mathematics,3.0,,,,,6,,,,,,,,,
,4720bbd9-1401-4155-af3b-2d72695f0f05,Math 342,Numerical Analysis,3.0,,,,,6,,,,,,,,,
,d9166b97-2676-4c4f-833d-10459caebe59,Math 344,Applied Linear Algebra,3.0,,,,,6,,,,,,,,,
,ad594394-8b18-4bab-bffc-c1935001a328,Math 346,Engineering Math,3.0,,,,,6,,,,,,,,,
,5702f817-1016-482e-8f47-5261a71f8d8a,Math 356,Probability and Statistics for Scientists and Engineers,3.0,,,,,6,,,,,,,,,
,588f8d79-7fb7-4653-8ca6-ad9a4c0c8039,Math 359,Design and Analysis of Experiments,3.0,,,,,6,,,,,,,,,
,14bb5b96-9ebb-4253-ac59-5d3d36bced0d,Math 360,Linear Algebra,3.0,,,,,6,,,,,,,,,
,365ecc41-08ed-4421-b3fe-fc2258117b95,Math 366,Real Analysis I,3.0,,,,,6,,,,,,,,,
,4aa89472-0566-4aee-9604-65d51f485adc,Math 374,Combinatorics and Graph Theory,3.0,,,,,6,,,,,,,,,
,710c29f7-b24f-4412-8bbc-8d1dc05a85d1,Math 377,"Cadets cannot earn credit for both Math 300 and Math 356, nor for both Math 300 and Math 377",3.0,,,,,6,,,,,,,,,
,bd4588d9-bd33-4639-95bf-f0d31aa5a16a,Math 378,Applied Statistical Modeling,3.0,,,,,6,,,,,,,,,
,a41a3371-0bc6-4fd5-bdad-46cbcfe178a5,Math 420,Mathematics Capstone I,3.0,,,,,6,,,,,,,,,
,9286d3c2-e15e-4f55-ba46-f0972ae89449,Math 421,Mathematics Capstone II,3.0,,,,,6,,,,,,,,,
,f6f7fc5f-99e0-4f8f-b791-82832bf4eda3,Math 443,Numerical Analysis of Differential Equations,3.0,,,,,6,,,,,,,,,
,f239fecf-fde9-4ea0-b453-d9ec6efc2b51,Math 451,Complex Variables,3.0,,,,,6,,,,,,,,,
,b16bb288-e376-4ff2-bcb5-435c45e335bf,Math 465,Modern Algebra,3.0,,,,,6,,,,,,,,,
,0a29cdea-a1b7-4d9c-ba26-430cb2ae0eb9,Math 467,Real Analysis II,3.0,,,,,6,,,,,,,,,
,36367704-45ed-4908-8b97-947ba295098e,Math 468,Dynamical Systems,3.0,,,,,6,,,,,,,,,
,08271e6d-df7b-4f9f-a19e-b8b39cd98785,Math 469,Partial Differential Equations,3.0,,,,,6,,,,,,,,,
,daef426e-ce84-4446-a461-244ec2c9881f,Math 470,Mathematical Physics,3.0,,,,,6,,,,,,,,,
,c1f9c56e-eb8b-4781-ba56-c3d6b0a801fb,Math 472,Introduction to Number Theory,3.0,,,,,6,,,,,,,,,
,1823ebcc-c4a2-4616-9437-661b592062d6,Math 473,Introduction to Point-Set Topology,3.0,,,,,6,,,,,,,,,
,5043ad70-d696-4356-9f45-73b1cb907fc5,Math 474,Combinatorics and Graph Theory,3.0,,,,,6,,,,,,,,,
,c0be3741-59bb-49a8-8aa1-7fd3b470a2fe,Math 491,Teaching Practicum,3.0,,,,,6,,,,,,,,,
,a037ad16-1610-42d4-adf2-9e4cebf542ef,Math 495,Special Topics,3.0,,,,,6,,,,,,,,,
,e079ffa2-c9b3-45fd-8d1a-ec2231152957,Math 499,Independent Study and Research,3.0,,,,,6,,,,,,,,,
,7a66d863-58bd-4f9c-b792-aba309bedff8,Math 499A,Independent Study and Research,3.0,,,,,6,,,,,,,,,
,e7453eb7-4732-4028-8e09-6d93b03ab236,Math 499B,Independent Study and Research,3.0,,,,,6,,,,,,,,,
,131366fd-ff07-4e09-b4be-f4b1dbb27cbf,Math 499C,Independent Study and Research,3.0,,,,,6,,,,,,,,,
,982d70e3-ffde-4ee3-af2d-55fec1f9207c,Mech Engr 205,Engineering Tools Seminar,3.0,,,,,6,,,,,,,,,
,802d3e0f-c1f1-48f1-9fcc-ea857eab9e97,Mech Engr 220,Fundamentals of Mechanics,3.0,,,,,6,,,,,,,,,
,2b7044f9-79e5-421d-a0a0-1183bc7aa4ba,Mech Engr 220S,Fundamentals of Mechanics for Academy Scholars,3.0,,,,,6,,,,,,,,,
,75e72ca4-dd9f-43dc-bf20-e8ea76a0b303,Mech Engr 306,Advanced Manufacturing Methods Seminar,3.0,,,,,6,,,,,,,,,
,4c2f8985-9b39-4794-8d29-388c32def7b0,Mech Engr 312,Thermodynamics,3.0,,,,,6,,,,,,,,,
,33ff997a-b9b4-4aa6-b539-5314ffe2b775,Mech Engr 320,Dynamics,3.0,,,,,6,,,,,,,,,
,9b7960f8-b100-4cb9-8d7f-8dd774a2667e,Mech Engr 325,Engineering System Dynamics,3.0,,,,,6,,,,,,,,,
,b2e6822d-0770-42a5-a725-f1fe1ad48aed,Mech Engr 330,Mechanics of Deformable Bodies,3.0,,,,,6,,,,,,,,,
,5febd0ed-09ca-425e-904b-f3df790012e2,Mech Engr 332,Aerospace Structures,3.0,,,,,6,,,,,,,,,
,baa27e60-31e9-43d2-8dab-6694f57b2b02,Mech Engr 340,Introduction to Materials Science and Engineering,3.0,,,,,6,,,,,,,,,
,ab4e9c1d-fa06-496a-aca1-0ae587eef68c,Mech Engr 341,Fluid Mechanics,3.0,,,,,6,,,,,,,,,
,ae990922-03be-4f98-bbe4-527399bf9bd4,Mech Engr 350,Mechanical Behavior of Materials,3.0,,,,,6,,,,,,,,,
,bb6e564d-9fc2-4387-abba-b875d9a4b188,Mech Engr 370,Introduction to Machine Design,3.0,,,,,6,,,,,,,,,
,73d703f7-3cf2-4c79-a2a7-f237c5fe961b,Mech Engr 396,Mechatronics,3.0,,,,,6,,,,,,,,,
,23ab5f90-eac0-406b-86eb-26a85cd51d4f,Mech Engr 405,Mechanical Engineering Design Seminar I,3.0,,,,,6,,,,,,,,,
,4f4b51c1-f7fd-4c53-9e0e-d442b8120e0a,Mech Engr 406,Mechanical Engineering Design Seminar II,3.0,,,,,6,,,,,,,,,
,79fb6c83-11d9-4cc7-9e21-edf8ec73f9ea,Mech Engr 421,Vibrations,3.0,,,,,6,,,,,,,,,
,b3deeecc-1c4f-496a-85dd-bd5814fe2336,Mech Engr 431,Introduction to Finite Element Analysis,3.0,,,,,6,,,,,,,,,
,4b0d2d9b-e5f1-4977-933c-323a9890418a,Mech Engr 440,Physical Metallurgy,3.0,,,,,6,,,,,,,,,
,907d07d8-c7c9-4d18-a2c8-3a94243b35b1,Mech Engr 441,Heat Transfer,3.0,,,,,6,,,,,,,,,
,5e371f4a-f1be-4383-ba53-e2c522be6866,Mech Engr 445,Failure Analysis and Prevention,3.0,,,,,6,,,,,,,,,
,a3f6b6e4-65ea-4128-907a-82e5f05ce736,Mech Engr 450,Aerospace Composite Materials,3.0,,,,,6,,,,,,,,,
,2c54b0f6-e84c-4c62-a22b-d82dd118fecd,Mech Engr 460,Non-Mech Engr majors are welcome on a case-by-case basis,3.0,,,,,6,,,,,,,,,
,1ed9b663-c068-4237-9e3f-d12449de80f4,Mech Engr 468,Sustainable Energy,3.0,,,,,6,,,,,,,,,
,94038c79-1c92-4ce7-81fa-c1acfb7d39cd,Mech Engr 490,Automotive Systems Analysis for the Engineer,3.0,,,,,6,,,,,,,,,
,511c047a-b71e-4243-b036-bdd03fe1b1b7,Mech Engr 491,Capstone Design Project I,3.0,,,,,6,,,,,,,,,
,d0e3e569-f1b6-4388-85d3-bf430ad01ce6,Mech Engr 492,Capstone Design Project II,3.0,,,,,6,,,,,,,,,
,c85faf3a-7a1a-4b31-a2b3-f1c183394e54,Mech Engr 495,Special Topics,3.0,,,,,6,,,,,,,,,
,3eef5649-2031-42d5-82f8-db5461a9352e,Mech Engr 499,Independent Study,3.0,,,,,6,,,,,,,,,
,69f05863-84e7-430e-80cc-3d55f339cea0,Mech Engr 499A,Independent Study,3.0,,,,,6,,,,,,,,,
,747bf3b7-c77b-4aed-9b61-7d7b07a2d73d,Mech Engr 499B,Independent Study,3.0,,,,,6,,,,,,,,,
,f6f6cdae-ba83-4930-b631-19057d721848,Mech Engr 499C,Independent Study,3.0,,,,,6,,,,,,,,,
,54c8539a-8eb2-4b41-88d7-4fba0a2f87d7,Meteor 320,Introduction to Meteorology and Aviation Weather,3.0,,,,,6,,,,,,,,,
,4f4a6fad-1ed4-4f25-bbf0-75c3f310954c,Meteor 330,Physical Meteorology I,3.0,,,,,6,,,,,,,,,
,95fe8888-1be8-4ebe-b1ec-88b92d494907,Meteor 331,Physical Meteorology II,3.0,,,,,6,,,,,,,,,
,e601a9fe-d4b1-4a92-83dc-e7f64077903d,Meteor 351,"Weather Data, Analysis, and Structure of Mid-latitude Weather Systems",3.0,,,,,6,,,,,,,,,
,a0d39a00-3651-4ace-8d6c-9d126fd1d8c8,Meteor 352,Climatology,3.0,,,,,6,,,,,,,,,
,695f4b98-24bf-42ee-82a7-c70eff430535,Meteor 370,Meteorological Applications of Remote Sensing,3.0,,,,,6,,,,,,,,,
,021f0800-eeae-4857-b7bf-de3eff5f888c,Meteor 430,Atmospheric Dynamics I,3.0,,,,,6,,,,,,,,,
,05c551ca-c393-4ac9-91fe-763c2ec05c35,Meteor 431,Atmospheric Dynamics II,3.0,,,,,6,,,,,,,,,
,528b36d3-cec1-47b0-9705-6c569560aecd,Meteor 432,Boundary Layer Structure and Processes,3.0,,,,,6,,,,,,,,,
,875b16a5-15e5-42f0-8d5e-9de59577247c,Meteor 450,Tropical Meteorology,3.0,,,,,6,,,,,,,,,
,966ff507-36b8-49e7-8ed0-233dcb04b65e,Meteor 451,Development and Evolution of Extratropical Weather Systems,3.0,,,,,6,,,,,,,,,
,9c7e646f-e35a-43b0-b6b0-e7789dec7173,Meteor 452,Mesoscale Meteorology,3.0,,,,,6,,,,,,,,,
,5112807b-d1d2-42e6-95d1-1c340bc7d9ea,Meteor 490,Weather Forecasting and Impacts on Society,3.0,,,,,6,,,,,,,,,
,386c0ac4-f820-4ed3-b060-5904bd38fef5,Meteor 499,Independent Study,3.0,,,,,6,,,,,,,,,
,f3f9966e-a707-438e-8587-d175767b8023,Meteor 499A,Independent Study,3.0,,,,,6,,,,,,,,,
,ece75fb6-c0e5-458e-8f89-af8c98d804b1,Meteor 499B,Independent Study,3.0,,,,,6,,,,,,,,,
,3fdddcf7-7030-4886-abfc-ecc409304d3d,Meteor 499C,Independent Study,3.0,,,,,6,,,,,,,,,
,f31b2c98-f4ea-4b09-9ad2-ce6817e40fda,Mgt 303,Management Perspectives,3.0,,,,,6,,,,,,,,,
,b39e405d-bac9-4f88-be9b-77043539a7fa,Mgt 337,Administered by the Department of Management,3.0,,,,,6,,,,,,,,,
,fd7222c8-7379-4c24-95e8-00552b733a6e,Mgt 341,Financial Accounting,3.0,,,,,6,,,,,,,,,
,eea5ab30-ea67-4a0b-a8b5-49002ae67fd9,Mgt 342,Managerial Accounting,3.0,,,,,6,,,,,,,,,
,3f4f9254-6395-44c7-93f6-0eee1dd756df,Mgt 345,Organizational Behavior and Human Resource Management,3.0,,,,,6,,,,,,,,,
,20b4fbbb-5bb8-46fc-a570-730b9862afd6,Mgt 361,Organizational Change for Military Leaders,3.0,,,,,6,,,,,,,,,
,1d8ab8b8-5df8-46ca-acfc-0e9121cd5752,Mgt 372,Introduction to Investments,3.0,,,,,6,,,,,,,,,
,87fefb6f-a72e-4f79-9d8a-3095f233b75e,Mgt 375,Marketing Analysis,3.0,,,,,6,,,,,,,,,
,4d61e246-fa23-43ea-bd55-2984db7239af,Mgt 382,Investments,3.0,,,,,6,,,,,,,,,
,618ddec3-00c4-4992-9f40-01c51b16b78d,Mgt 391,Data-Driven Decision Making,3.0,,,,,6,,,,,,,,,
,4fcb77ae-e0d0-4c91-b440-ad6d075ebb7a,Mgt 392,Organizational Networks in Cyberspace,3.0,,,,,6,,,,,,,,,
,499f7db9-2d0a-4c89-8f10-487b1d5f3fe8,Mgt 400,Leading Innovation,3.0,,,,,6,,,,,,,,,
,31e7199b-d3d0-4c6d-b4b8-0cfbb72e79a4,Mgt 400S,Management and Command,3.0,,,,,6,,,,,,,,,
,dc8b2158-62d5-400a-9f54-9b2824d88f36,Mgt 401,Project Management,3.0,,,,,6,,,,,,,,,
,c326ba42-f827-4d50-9db7-86988d84101e,Mgt 411,Business Ethics,3.0,,,,,6,,,,,,,,,
,05dfa527-3a9c-43bf-a848-722b2d4b275f,Mgt 419,Technological Innovation Management,3.0,,,,,6,,,,,,,,,
,ffba8d6d-2227-46b2-a369-96eac02ee15d,Mgt 420,Management Capstone Practicum,3.0,,,,,6,,,,,,,,,
,9b95bba5-8aa3-40aa-bffd-c43b0412aa1f,Mgt 440,Management Lessons in Literature,3.0,,,,,6,,,,,,,,,
,82286be6-dff8-49e9-81b3-544ea4b21f30,Mgt 448,Power and Influence in Organizations,3.0,,,,,6,,,,,,,,,
,1f2fd88b-8f9c-4b6c-a062-a49e57610889,Mgt 472,Strategic Management Capstone,3.0,,,,,6,,,,,,,,,
,b195bb40-ef49-4b42-93df-99323197d1a8,Mgt 476,Logistics and Transportation Management,3.0,,,,,6,,,,,,,,,
,7b3e441b-c447-4045-8b8a-bd6d81bbd2de,Mgt 477,Operations & Project Management,3.0,,,,,6,,,,,,,,,
,9b30e13f-266d-4240-811f-b0bb739dd951,Mgt 478,Supply Chain Management,3.0,,,,,6,,,,,,,,,
,1d01cb6c-1da2-45b7-b0d4-dd381a181559,Mgt 495,Special Topics,3.0,,,,,6,,,,,,,,,
,d85776dc-9195-4fe8-98d5-3393284b24c9,Mgt 498,International Management,3.0,,,,,6,,,,,,,,,
,20be0d66-e993-4921-8b9f-9ae9919b6b8f,Mgt 499,Independent Study,3.0,,,,,6,,,,,,,,,
,f4d768b0-d479-4126-9f1f-0a88ac2a92eb,Mgt 499A,Independent Study,3.0,,,,,6,,,,,,,,,
,09ce99cd-51e5-41dd-9766-6fa7cbf328ff,Mgt 499B,Independent Study,3.0,,,,,6,,,,,,,,,
,434152a8-a5eb-4c1e-9787-63aef0d57b7f,Mgt 499C,Independent Study,3.0,,,,,6,,,,,,,,,
,12ca5b4b-5b9b-4a04-818f-a8e344898777,Mil Tng 100,Basic Cadet Training (BCT),0.0,,,,,1,,,,,,,,,
,ea0f58d3-2e99-4e2d-9ae6-e7e059956cb5,Mil Tng 101,Operation Air Force-Preflight (3°),0.0,,,,,1,,,,,,,,,
,862ff036-57da-483e-affe-c4f5aa47f91a,Mil Tng 201,Operation Air Force/Space Force Program (OpsAF/SF),0.0,,,,,1,,,,,,,,,
,4f029092-8176-4426-ab57-028986c41dcb,Mil Tng 203,Cadet Basic Instructor and Mission Command Fundamentals Course,0.0,,,,,1,,,,,,,,,
,1683cf91-db14-4ed0-abc5-645d87e26c8b,Mil Tng 205,Wing Summer Support,0.0,,,,,1,,,,,,,,,
,25c8d43c-7bde-4ab0-9a76-f555985cc028,Mil Tng 220,Combat Survival Training (CST) (Student Course),0.0,,,,,1,,,,,,,,,
,b45c01ec-3d9b-434b-a4c2-09fe350fbbe7,Mil Tng 240,Special Warfare Orientation Course (SWOC) (Student Course),0.0,,,,,1,,,,,,,,,
,904180b5-a1e1-4a5f-98c8-c6556d12eb11,Mil Tng 270,Student Course. Expeditionary Skills Training,0.0,,,,,1,,,,,,,,,
,9635dd0e-c097-4a45-8653-5cfee2776977,Mil Tng 300,Operation Air Force Program (International Students),0.0,,,,,1,,,,,,,,,
,eb888e65-5a80-4fc2-95c9-678639fbd10a,Mil Tng 302,Navy Programs,0.0,,,,,1,,,,,,,,,
,383710a3-3c92-44c4-9d38-7a439db6125d,Mil Tng 304,Army Programs,0.0,,,,,1,,,,,,,,,
,3ada680a-e76a-44ff-b7dd-7992477e2668,Mil Tng 305,Marine Leatherneck,0.0,,,,,1,,,,,,,,,
,9f6c5c9a-95db-4b4a-8c05-c5b9f7e2ad96,Mil Tng 309,Prep School BMT Cadre,0.0,,,,,1,,,,,,,,,
,03749986-df82-4a11-9701-bafe9ae9a497,Mil Tng 315,Cadet Wing Operations Center (CWOC),0.0,,,,,1,,,,,,,,,
,f24dad99-113d-40f5-9ac8-6796957f8988,Mil Tng 320,Combat Survival Training (CST) (Cadre),0.0,,,,,1,,,,,,,,,
,f9c3829e-e48e-47ff-86a5-167d0731306e,Mil Tng 332,Summer Seminar,0.0,,,,,1,,,,,,,,,
,c107b430-288f-4f24-b84e-3eab0ac13819,Mil Tng 340,Special Warfare Orientation Course (SWOC) (Cadre),0.0,,,,,1,,,,,,,,,
,9b56f2a5-1d39-4d94-a8b0-5b27322c215c,Mil Tng 341,Cadet Summer Language Immersion Program (CSLIP) In Lieu of Break,0.0,,,,,1,,,,,,,,,
,03a4e8ac-89d0-40f4-9ae0-0a8f96e6da7c,Mil Tng 351,Civil Engineering Field Engineering and Readiness Lab (FERL) Leadership,0.0,,,,,1,,,,,,,,,
,1aa0e282-6909-4b28-b20b-52aa52f537e7,Mil Tng 352,SAME/Academy Engineering and Construction Camp Cadre (CE-SAME),0.0,,,,,1,,,,,,,,,
,68f83a0b-72ea-4f97-b2e1-f0ba21bd2370,Mil Tng 369,Cadet Outdoor Leadership Experience (COLE),0.0,,,,,1,,,,,,,,,
,2d812a83-0c37-4503-9912-05d9eb8294a7,Mil Tng 370,Expeditionary Skills Training: (Cadre),0.0,,,,,1,,,,,,,,,
,46826543-3f34-4c00-87bb-d467888039c6,Mil Tng 403,Basic Cadet Training Group Staff,0.0,,,,,1,,,,,,,,,
,27cd3176-1b11-40ae-a51c-a4a64d31cb7e,Mil Tng 405,Basics and Principles for Developing the Innovation Mindset,0.0,,,,,1,,,,,,,,,
,91f2b2ee-d548-4fbf-8632-05b07a1a8298,Mil Tng 407,Operations Group Staff,0.0,,,,,1,,,,,,,,,
,e4461711-2d4b-4f3d-a04d-92aa75e5364e,Mil Tng 408,Sports Camp,0.0,,,,,1,,,,,,,,,
,87921de1-937f-4dcf-a6f8-4279a269cf10,Mil Tng 411,AETC Leadership Ops,0.0,,,,,1,,,,,,,,,
,4176cbc9-ee2e-4547-b798-6195adfcac52,Mil Tng 412,Falconry,0.0,,,,,1,,,,,,,,,
,6c063ba2-570d-4329-a178-5479a3f3ee64,Mil Tng 413,Operations Group Cadre,0.0,,,,,1,,,,,,,,,
,a67f0004-b669-4cd2-af6d-3e77b7eca6c0,Mil Tng 434,Summer RECONDO Cadre,0.0,,,,,1,,,,,,,,,
,3006176a-3666-46ff-9d7d-3bbf606fb91f,Mil Tng 435,Cadet Wing Leadership,0.0,,,,,1,,,,,,,,,
,2d3d3213-fc1a-47ed-94da-1abb6e57483a,Mil Tng 441,Cadet Summer Language Immersion Program (CSLIP),0.0,,,,,1,,,,,,,,,
,83b022f1-ce0d-4268-9452-5fdb97bbfdf8,Mil Tng 442,Cultural Immersion Program (CIP),0.0,,,,,1,,,,,,,,,
,dab46b16-b629-47aa-b29a-c76661b5a888,Mil Tng 444,Summer Break,0.0,,,,,1,,,,,,,,,
,a00a0532-e98f-4a6d-a71f-71866e5f28e3,Mil Tng 445,Critical Language Scholarship Program (CLS),0.0,,,,,1,,,,,,,,,
,5f39cd6b-1087-46bf-aa63-833263165ab9,Mil Tng 446,Special Break,0.0,,,,,1,,,,,,,,,
,57f296fd-92ae-4029-965f-25b639d94bae,Mil Tng 447,Medical Summer Break,0.0,,,,,1,,,,,,,,,
,e3308281-65ca-4091-9b72-c68b3e1dc9fc,Mil Tng 451,Honor Cadre,0.0,,,,,1,,,,,,,,,
,d350fbb6-31b9-4225-acad-8d9d0f9d70d6,Mil Tng 452,Media Cadre,0.0,,,,,1,,,,,,,,,
,4eeaeda2-823a-4d0f-a63b-f03ee4677f7f,Mil Tng 460,National Character and Leadership Symposium (NCLS) Summer Cadre,0.0,,,,,1,,,,,,,,,
,da2be59f-c6d8-4bcb-b8ad-ae16bcbedda7,Mil Tng 492,Military & Strategic Studies Application Laboratories,0.0,,,,,1,,,,,,,,,
,27d0b244-533a-465b-a69d-aecd840f5f8b,Mil Tng 499,Internship,0.0,,,,,1,,,,,,,,,
,79d5616f-cece-4762-a438-93f7226a7fa1,Ops Rsch 305,Operations Research Seminar,3.0,,,,,6,,,,,,,,,
,1c842d81-e5cd-488f-a088-88a0238a6225,Ops Rsch 310,Systems Analysis,3.0,,,,,6,,,,,,,,,
,002d74bf-7b1a-4295-b494-61fc4ecc7b75,Ops Rsch 311,Deterministic Models,3.0,,,,,6,,,,,,,,,
,1d3d9a06-a822-4347-b7c7-0165314f6c44,Ops Rsch 312,Probabilistic Models,3.0,,,,,6,,,,,,,,,
,a743a1ff-75bc-4ad4-87f4-b5af74f37bf2,Ops Rsch 331,Optimization Theory with Microeconomic Principles,3.0,,,,,6,,,,,,,,,
,2f3331a6-b27a-4300-ae57-0a97c27e94dc,Ops Rsch 417,Quick-Turn Analysis,3.0,,,,,6,,,,,,,,,
,f61a4606-ed95-42a4-8bb6-689ffcc13fc7,Ops Rsch 421,Administered by the Department of Mathematical Sciences,3.0,,,,,6,,,,,,,,,
,8a1897e3-7d7a-422a-b9ba-ce997e0febef,Ops Rsch 422,Administered by the Department of Management,3.0,,,,,6,,,,,,,,,
,79280b31-99c6-4377-96ea-0a3a9979b517,Ops Rsch 476,Sports Analytics,3.0,,,,,6,,,,,,,,,
,6ea8d840-5e78-4ca5-9f72-f5dbfd34248e,Ops Rsch 495,Special Topics,3.0,,,,,6,,,,,,,,,
,99c5b3b5-b7ac-48a8-828a-c5bb95f442fe,Ops Rsch 499,Independent Study,3.0,,,,,6,,,,,,,,,
,df65224d-9d99-448b-8e89-daf7ed248ac5,Ops Rsch 499A,Independent Study,3.0,,,,,6,,,,,,,,,
,4637cb60-9b27-46f3-a854-4844b431fdde,Ops Rsch 499B,Independent Study,3.0,,,,,6,,,,,,,,,
,cc84264e-e12a-4e1d-b004-68a532e97eb7,Ops Rsch 499C,Independent Study,3.0,,,,,6,,,,,,,,,
,22443a4f-6c45-4178-9a04-9b0f8531f8ee,PE 112,Physical Development,0.5,,,,,1,,,,,,,,,
,d980b0fb-bac7-4997-9059-cb00d27bf1b9,PE 222,Water Survival,0.5,,,,,1,,,,,,,,,
,92d46853-c7f8-4033-9b82-c4cbef74afb5,PE 315,Combatives II,0.5,,,,,1,,,,,,,,,
,9d6b70c5-6fe2-4d48-9fc7-444189ff0afa,Philos 200,Introduction to Philosophy,3.0,,,,,6,,,,,,,,,
,81993c01-6d7d-44f9-a3fa-8d969a152645,Philos 210,Ethics,3.0,,,,,6,,,,,,,,,
,7c22116f-2f00-4fb8-9cde-ee2887c41daa,Philos 210S,Scholars Ethics,3.0,,,,,6,,,,,,,,,
,6c2cd4c7-10e8-4c74-a1b6-fb444fd04b0d,Philos 311,"War, Morality, and the Military Profession",3.0,,,,,6,,,,,,,,,
,fdc366fb-6712-49d8-a4f7-cae5e95bf86d,Philos 320,Ethics and Technology,3.0,,,,,6,,,,,,,,,
,3d47fb53-9e5a-4146-89b1-7a54f222ae40,Philos 330,Introduction to the Philosophy of Science,3.0,,,,,6,,,,,,,,,
,64761e0d-0959-41e4-b885-a832f34d1a5e,Philos 345,Philosophy of Love and Sex,3.0,,,,,6,,,,,,,,,
,23417edc-a82a-4367-80b1-688316162ca3,Philos 350,Philosophy and Christian Thought,3.0,,,,,6,,,,,,,,,
,52eb5a67-78bb-41ed-8adc-ea4ecc27c8eb,Philos 355,Theories of Justice,3.0,,,,,6,,,,,,,,,
,2991c043-1afb-4da8-ab5e-f8f119fbc8f9,Philos 370,Cadets transferring to Humanities from other majors may substitute courses approved by the Humanities Division Chair,3.0,,,,,6,,,,,,,,,
,fad2fc02-00fc-463b-ab62-97050325ca10,Philos 382,American Philosophy,3.0,,,,,6,,,,,,,,,
,15fdadce-706a-49df-82b9-d174bbb3514c,Philos 391,Ancient Western Philosophy,3.0,,,,,6,,,,,,,,,
,d87487fc-d024-4b2d-a93a-b20f12981268,Philos 392,Western Medieval Philosophy,3.0,,,,,6,,,,,,,,,
,3e8c755d-f664-4c7c-8ab8-23ba90e4caee,Philos 393,Modern Western Philosophy,3.0,,,,,6,,,,,,,,,
,556e978b-de1e-4a00-8cdc-0d8c0fad9ad5,Philos 394,Contemporary Topics in Philosophy,3.0,,,,,6,,,,,,,,,
,076a38f5-19fb-404b-9de7-7c04a884196d,Philos 395,Philosophy of Law,3.0,,,,,6,,,,,,,,,
,98f3fc64-8ccb-416f-8e6e-d1292c5712ed,Philos 401,Comparative Religion,3.0,,,,,6,,,,,,,,,
,16d5d773-04ad-4429-9c1e-f10386347768,Philos 402,Philosophy of Religion,3.0,,,,,6,,,,,,,,,
,a6ee9f27-f081-4964-868e-5779b0435c44,Philos 410,Medical Ethics,3.0,,,,,6,,,,,,,,,
,59b1a53c-0ca1-45f7-b81a-8e3e81f1ca16,Philos 420,Religion Studies Capstone,3.0,,,,,6,,,,,,,,,
,52e16025-c8b1-4ff5-9f86-5aa8ab410e87,Philos 423,Knowledge and Reality,3.0,,,,,6,,,,,,,,,
,5397e7a6-5e00-44d7-aecf-e584cbf5d558,Philos 430,Philosophy of Art & Aesthetics,3.0,,,,,6,,,,,,,,,
,0418b4f8-bb6e-4a48-b91b-4ba0fdd89c98,Philos 495,Special Topics,3.0,,,,,6,,,,,,,,,
,8e7af282-c499-4903-aaea-07a9ed668094,Philos 499,Independent Study,3.0,,,,,6,,,,,,,,,
,35d029af-dc4a-4d83-8a9e-cc983249d0a3,Philos 499A,Independent Study,3.0,,,,,6,,,,,,,,,
,0228415a-c51b-42bc-8471-a97e1b196288,Philos 499B,Independent Study,3.0,,,,,6,,,,,,,,,
,62828af6-9fc3-4dd1-a9a3-fc2e9ff88cc3,Philos 499C,Independent Study,3.0,,,,,6,,,,,,,,,
,b5700021-6d4d-4f33-89ca-2480de5daea1,Phy Ed 100,Basic Physical Training,0.0,,,,,1,,,,,,,,,
,ba6566ff-94cf-47d7-9691-98d855bd3ac4,Phy Ed 110,Boxing,0.0,,,,,1,,,,,,,,,
,e9852f2f-b6dc-4a0a-97f8-91495cdfce88,Phy Ed 111,Phy Ed 111,0.5,,,,,1,,,,,,,,,
,6c0b2cc3-ade0-47ca-bccd-5c0c55522b9b,Phy Ed 112,Physical Development,0.5,,,,,1,,,,,,,,,
,e0913533-6176-4b4a-82ee-c6029b975e21,Phy Ed 113,Fundamentals of Physical Development,0.5,,,,,1,,,,,,,,,
,ab41b642-8ec8-4eff-8d94-be06088836a2,Phy Ed 119,Basic Swimming,0.0,,,,,1,,,,,,,,,
,df09c4fb-3779-4d85-ab49-6e5bfd43e63a,Phy Ed 152,Intercollegiate Sports. .05(2xx) fall or spring,0.0,,,,,1,,,,,,,,,
,f6c25038-5e2c-49fc-a88b-0387584c7ddb,Phy Ed 211,Basic Water Survival,0.0,,,,,1,,,,,,,,,
,585bd559-385a-43db-81ab-53b766cc8892,Phy Ed 215,Phy Ed 215,0.5,,,,,1,,,,,,,,,
,e446d907-acf0-41da-8296-36847a333e65,Phy Ed 219,Fundamentals of Personal Water Safety,0.0,,,,,1,,,,,,,,,
,9d886e31-6e7b-4c3a-9cdc-18014cc04abc,Phy Ed 222,Water Survival,0.5,,,,,1,,,,,,,,,
,c112f94f-1b39-481a-bf98-6a7c435e2437,Phy Ed 252,Intercollegiate Sports. 0.5(2xx),0.5,,,,,1,,,,,,,,,
,f5bfc030-b786-42f0-94a5-cfe251e0ab7a,Phy Ed 315,Combatives II,0.0,,,,,1,,,,,,,,,
,dd80e70a-cde5-468d-82d4-c9b547d785bc,Phy Ed 340,Racquetball,0.5,,,,,1,,,,,,,,,
,8490f187-6c8e-4ad1-9ccb-1c1204a130d8,Phy Ed 341,Tennis,0.5,,,,,1,,,,,,,,,
,5b07e641-0b6a-405e-8ef6-dcb4acbbe76a,Phy Ed 342,Golf,0.5,,,,,1,,,,,,,,,
,52f44060-6a37-4897-9551-5bea638ff6e2,Phy Ed 343,Indoor Rock Climbing,0.5,,,,,1,,,,,,,,,
,735fa4a4-3d5c-4951-a8cb-ea0266d41878,Phy Ed 344,Yoga,0.5,,,,,1,,,,,,,,,
,494a5abb-f575-4515-84d4-28f45f1e6db8,Phy Ed 345,Advanced Physical Development,0.5,,,,,1,,,,,,,,,
,1ce6eea7-91c0-420f-b7b1-c40fa84c0768,Phy Ed 346,Pickleball,0.5,,,,,1,,,,,,,,,
,f7586df9-3e56-4b2c-bae1-42cddcd51515,Phy Ed 347,Self-Protection,0.5,,,,,1,,,,,,,,,
,7641596c-fbd7-471e-99ea-60f2b16c70fc,Phy Ed 348,Marksmanship,0.5,,,,,1,,,,,,,,,
,99736e53-3cfd-4d69-96ca-01c4a58f08df,Phy Ed 352,Intercollegiate Sports. 0.5(2xx),0.5,,,,,1,,,,,,,,,
,e209559b-767e-4237-ac55-d62960dca533,Phy Ed 452,Intercollegiate Sports. 0.5(2xx),0.5,,,,,1,,,,,,,,,
,68f84e8f-247b-4c7e-969d-2b3795941072,Phy Ed 477,Independent Exercise. 0.5(2xx),0.5,,,,,1,,,,,,,,,
,af60aabb-07f6-435f-b841-22deb3f1efad,Phy Ed 479,Cadet Instructor. 0.5(2xx),0.5,,,,,1,,,,,,,,,
,69c8a51a-0c0b-418d-a60f-ded7775086b0,Phy Ed 484,Volleyball,0.5,,,,,1,,,,,,,,,
,f6d4e40f-2af5-473e-8e3f-b5012beac43e,Phy Ed 486,Basketball,0.5,,,,,1,,,,,,,,,
,35d4f8c3-3517-4369-98b1-3210b25adc34,Phy Ed 487,Soccer,0.5,,,,,1,,,,,,,,,
,a00683eb-81be-4e92-b1e8-c9a4bd5905a2,Phy Ed 488,Softball,0.5,,,,,1,,,,,,,,,
,41db99f4-eb9d-492f-9dc4-40fcec83d9ff,Phy Ed 489,Advanced Water Survival,0.5,,,,,1,,,,,,,,,
,328a5007-0971-48ab-9bca-6ffacb806d6e,Phy Ed 490,Rated Physical Readiness,0.5,,,,,1,,,,,,,,,
,47fdb409-e690-4ab7-976c-e3ec2976b3bd,Phy Ed 491,Close Quarters Battle Combatives,0.5,,,,,1,,,,,,,,,
,8eabffbd-6693-4fc7-b7c7-4930327558ff,Phy Ed 495,Special Topics Advanced Warfighter Capstone,0.5,,,,,1,,,,,,,,,
,084e007d-77d0-4ab5-962c-4be502445b72,Phy Ed 499,Independent Exercise Study. 0.5(0) Independent study focused on physical exercise,0.5,,,,,1,,,,,,,,,
,1687188f-d9cf-4b5e-b88e-d028d4895a22,Phy Ed 816,Intercollegiate Phy Ed Time,0.0,,,,,1,,,,,,,,,
,993a331e-1338-41e5-93dd-9091eedccdc4,Phy Ed 826,Intercollegiate Phy Ed Time,0.0,,,,,1,,,,,,,,,
,f38654f3-0a1d-4e3a-96cb-449d6dc40cc8,Phy Ed 916,Intercollegiate Practice Time,0.0,,,,,1,,,,,,,,,
,02808c6b-4945-4249-916e-e8c369186b11,Phy Ed 926,Intercollegiate Practice Time,4.0,,,,,1,,,,,,,,,
,f75ed274-a2f8-4d2a-890e-d9223171d027,Physics 110,General Physics I with Laboratory,3.0,,,,,6,,,,,,,,,
,4bb8ed01-3438-4265-b907-0ff95e6b5b1d,Physics 215,General Physics II with Laboratory,3.0,,,,,6,,,,,,,,,
,8ba691eb-50c0-4e1f-8d32-327786e7c7f8,Physics 242,Foundations of Quantum Technology,3.0,,,,,6,,,,,,,,,
,c33a8d5e-c32a-4e86-97e4-9f9ffc7003cf,Physics 264,Modern Physics,3.0,,,,,6,,,,,,,,,
,3650cc91-16fc-4190-9584-3e51659ec6d9,Physics 291,Introduction to Optics and Lasers,3.0,,,,,6,,,,,,,,,
,50c84d39-29b3-476d-aa10-32eea4feae60,Physics 310,Principles of Nuclear Science,3.0,,,,,6,,,,,,,,,
,1cfd10ca-bb1e-48f5-96a9-82306803e7da,Physics 314,Applications of Quantum Technology,3.0,,,,,6,,,,,,,,,
,fc6d2af1-c377-43a1-b0d6-8ae69450d95d,Physics 341,Laboratory Techniques,3.0,,,,,6,,,,,,,,,
,ada8702c-08db-45a9-a342-ee4901f7ca56,Physics 354,Nuclear Weapons Engineering,3.0,,,,,6,,,,,,,,,
,4ad15644-1ab8-43aa-8fae-b73e46fd3b80,Physics 355,Classical Mechanics,3.0,,,,,6,,,,,,,,,
,38e75b8f-984c-45d8-aa1d-88e094dc7998,Physics 356,Computational Physics,3.0,,,,,6,,,,,,,,,
,b90265c0-0368-47fe-97cc-c64a52d5c9db,Physics 361,Electromagnetic Theory I,3.0,,,,,6,,,,,,,,,
,32f69dac-d990-4fa9-a3cf-7dc4171513e8,Physics 362,Electromagnetic Theory II,3.0,,,,,6,,,,,,,,,
,3c120f8a-6dd4-4490-9192-0d30f009995c,Physics 370,Upper Atmospheric and Geo-Space Physics,3.0,,,,,6,,,,,,,,,
,1238faa2-4f25-42fe-9dc3-e381d15a499b,Physics 371,Astronomy,3.0,,,,,6,,,,,,,,,
,8f04c34e-c242-40bf-b0da-1921628be846,Physics 375,Physics of Space Domain Awareness,3.0,,,,,6,,,,,,,,,
,d6738ed3-ed8b-400e-b83b-9e4398c9a9fa,Physics 405,Physics Seminar,3.0,,,,,6,,,,,,,,,
,71c6a149-40bf-4986-9579-450a32319ec8,Physics 421,Thermal and Statistical Physics,3.0,,,,,6,,,,,,,,,
,53d0b964-7c03-4f51-8b36-929e7c0f78f2,Physics 450,Nuclear Weapon Effects,3.0,,,,,6,,,,,,,,,
,b50b06dc-6ae1-49d2-af24-1194ecff854e,Physics 451,Plasma Physics,3.0,,,,,6,,,,,,,,,
,b3738d14-c5c0-4a1e-9802-e014b0e838d9,Physics 465,Quantum Mechanics I,3.0,,,,,6,,,,,,,,,
,e3277ddf-2fb0-4c56-9aca-e5f36d86991a,Physics 466,Quantum Mechanics II,3.0,,,,,6,,,,,,,,,
,7b7fb4c2-1c06-453b-add3-c53a9c6447b6,Physics 473,Solid State Physics,3.0,,,,,6,,,,,,,,,
,350fd0a6-dad8-4c43-ad46-ef045e7d7c95,Physics 482,Laser Physics and Modern Optics,3.0,,,,,6,,,,,,,,,
,22164c9e-70ef-4550-9c38-14c24f5ab1b7,Physics 486,Astrophysics,3.0,,,,,6,,,,,,,,,
,2b9a3f4b-3366-481b-aaa8-e8afb8f004a2,Physics 490,Capstone Physics Research,3.0,,,,,6,,,,,,,,,
,766bd706-da27-4e0d-bb57-66ea9c994754,Physics 495,Special Topics,3.0,,,,,6,,,,,,,,,
,c9fdc9d2-a752-485c-ad0e-2c5673d5fe59,Physics 499,Independent Study,3.0,,,,,6,,,,,,,,,
,adb99bbc-6916-4883-8013-00ca43b417d9,Physics 499A,Independent Study,3.0,,,,,6,,,,,,,,,
,72732692-d34e-4cc3-a629-9c7c3fe0410a,Physics 499B,Independent Study,3.0,,,,,6,,,,,,,,,
,6dcfbc50-bd60-4002-aa38-7a9771671edd,Physics 499C,Independent Study,3.0,,,,,6,,,,,,,,,
,cc4bccd6-cbf2-4880-8177-f39d49b83c78,Pol Sci 211,"Politics, American Government, and National Security",3.0,,,,,6,,,,,,,,,
,94d5b54e-f32f-48f7-b4f5-4c61cff9c3d0,Pol Sci 211S,"Politics, American Government, and National Security",3.0,,,,,6,,,,,,,,,
,7fba2616-791f-44fc-b088-f0cd793e2590,Pol Sci 300,Quantitative Methods and Research Design,3.0,,,,,6,,,,,,,,,
,cab0309d-7c85-4de5-b7d2-6ba240b4453a,Pol Sci 301,Political Theory,3.0,,,,,6,,,,,,,,,
,21d49017-8595-4929-b0cc-86c6105df225,Pol Sci 302,American Foreign and National Security Policy,3.0,,,,,6,,,,,,,,,
,e2492c07-9850-4972-bfab-e769fff442d4,Pol Sci 390,International Relations Theory,3.0,,,,,6,,,,,,,,,
,2a92e3ca-a992-4870-980c-2d5420a0554e,Pol Sci 392,American Political System and Theory,3.0,,,,,6,,,,,,,,,
,f2004ad1-2b2c-458b-a613-f8e985e880ce,Pol Sci 394,Comparative Politics,3.0,,,,,6,,,,,,,,,
,247a23b4-8547-4aad-8997-5eb154943f94,Pol Sci 421,International Security: Political Violence and Terrorism,3.0,,,,,6,,,,,,,,,
,1b232fca-c61a-4887-a3a5-debc73f533ba,Pol Sci 423,Genocide and Mass Atrocity,3.0,,,,,6,,,,,,,,,
,d860c9f3-db69-42c8-ae9c-4eaa9fc2fce1,Pol Sci 427,The United States’ Great Power Rivals: Russian and Chinese Foreign Policy,3.0,,,,,6,,,,,,,,,
,44565095-70cf-4f81-8018-5f0e8ec72265,Pol Sci 445,Global Governance and International Institutions,3.0,,,,,6,,,,,,,,,
,cb856e18-d532-486d-9d8c-161642a39bfe,Pol Sci 451,American Political Thought,3.0,,,,,6,,,,,,,,,
,50d1cf96-3a73-49d4-a372-49e4a3b87339,Pol Sci 460,Civil-Military Relations,3.0,,,,,6,,,,,,,,,
,4b28c6c8-0303-489a-9473-3452705fa5d2,Pol Sci 462,Politics and Intelligence,3.0,,,,,6,,,,,,,,,
,b2130eb9-65e4-4c21-adb3-8b38385a3a30,Pol Sci 464,"Regime Change: Coups, Revolutions and Democratization",3.0,,,,,6,,,,,,,,,
,c5e8bb08-0f18-40d4-8ef9-1619f864495c,Pol Sci 465,US National Space Policy,3.0,,,,,6,,,,,,,,,
,5c5c18db-0f0b-435d-af70-a956dc2cbad5,Pol Sci 466,Cyber Security Policy and Politics,3.0,,,,,6,,,,,,,,,
,e4609e5c-a2b4-4848-b624-4f976519f206,Pol Sci 469,"Politics of Russia, Eastern Europe, and Eurasia",3.0,,,,,6,,,,,,,,,
,6a8ecb1a-71fa-4142-8753-1d1b15ee7f66,Pol Sci 471,Politics of Europe,3.0,,,,,6,,,,,,,,,
,f89e6485-f08d-4845-80f4-1779493dfea5,Pol Sci 473,Politics of Asia,3.0,,,,,6,,,,,,,,,
,45ea96a8-d466-45b9-8890-3e282c41815b,Pol Sci 475,Politics of Latin America,3.0,,,,,6,,,,,,,,,
,e9beee05-5958-4018-a001-c6f4e5415dc7,Pol Sci 477,Politics of the Middle East,3.0,,,,,6,,,,,,,,,
,2215cfdc-9dd7-4bf9-a6c2-75406d867046,Pol Sci 479,Politics of Sub-Saharan Africa,3.0,,,,,6,,,,,,,,,
,289e8af7-58d9-49f3-9fc0-fe8a7798f8d6,Pol Sci 481,American Elections and Political Parties,3.0,,,,,6,,,,,,,,,
,97c05850-9987-49dc-9e78-5fc7db00cc5d,Pol Sci 482,The U.S. Supreme Court,3.0,,,,,6,,,,,,,,,
,53a588dd-1ce2-46b6-a4bc-4877bda4e76f,Pol Sci 483,The US Congress,3.0,,,,,6,,,,,,,,,
,a57b1392-ce9e-436f-bf08-b2de92d51df7,Pol Sci 484,The American Presidency,3.0,,,,,6,,,,,,,,,
,34a2da3e-7f6c-439e-900b-3f6a70177b98,Pol Sci 491,Capstone Seminar in Political Science: National Security and Political Analysis,3.0,,,,,6,,,,,,,,,
,4aec676d-4de8-498f-857a-867798498010,Pol Sci 495,Special Topics in Political Science,3.0,,,,,6,,,,,,,,,
,79b955dd-5f49-474c-8bd7-9eb516102076,Pol Sci 496,Causes of War and Conflict Resolution,3.0,,,,,6,,,,,,,,,
,8783d253-b8fc-423b-9372-d7d03ffccf5f,Pol Sci 498,Political Science Thesis,3.0,,,,,6,,,,,,,,,
,677e56fd-127e-4a18-86c1-33e10f915add,Pol Sci 499,Independent Study in Political Science,3.0,,,,,6,,,,,,,,,
,26405114-250a-43d5-b1a7-d50a82e57055,Pol Sci 499A,Independent Study,3.0,,,,,6,,,,,,,,,
,5ec0d5b0-6522-4051-a1c8-e20880958f44,Pol Sci 499B,Independent Study,3.0,,,,,6,,,,,,,,,
,936a831c-62a7-477d-8972-99e25d4297b4,Pol Sci 499C,Independent Study,3.0,,,,,6,,,,,,,,,
,59e876ca-bcc8-4911-bf2c-df18159414af,Portuguese 211,Accelerated Basic Portuguese I,3.0,,,,,6,,,,,,,,,
,f54c1734-59e1-408e-9531-c54c84f9930c,Portuguese 212,Accelerated Basic Portuguese II,3.0,,,,,6,,,,,,,,,
,943907fc-c462-413b-bc7b-a45212a292a7,Portuguese 365,Portuguese Civilization and Culture,3.0,,,,,6,,,,,,,,,
,bce41824-7996-4951-85e0-a6c219cbe489,Portuguese 430,Cinema across Portuguese-Speaking Cultures,3.0,,,,,6,,,,,,,,,
,6a521ecb-2736-42c1-be69-a3ea8ff1d029,Read Strt 104,Reading Enhancement for International Cadets,3.0,,,,,6,,,,,,,,,
,a9cb6454-91b2-4f06-ab93-da8a69068612,Read Strt 201,Reading Enhancement,3.0,,,,,6,,,,,,,,,
,577b565f-180e-4229-a1c2-b047487cf57c,Read Strt 204,Reading Enhancement for Semester-Exchange International Cadets,3.0,,,,,6,,,,,,,,,
,86bce790-7d6e-4bff-9740-b2047c5fb35c,Russian 365,Russian Civilization and Culture,3.0,,,,,6,,,,,,,,,
,9a80caea-aab4-448a-876a-00608a8421b9,Russian 411,The Era of the Soviet Union,3.0,,,,,6,,,,,,,,,
,bbdc200a-efa6-4314-ade9-5b6a458c043f,Russian 421,Modern Russian Literature,3.0,,,,,6,,,,,,,,,
,cfe2abe9-56aa-4869-8662-b55bc7890196,Smr Rsch 481,Cadet Summer Research Program (CSRP) with Partial Summer Break,3.0,,,,,6,,,,,,,,,
,3545f6c0-ca2c-42e9-a45f-1b53200babe8,Smr Rsch 486,Summer Research Leadership with Summer Break,3.0,,,,,6,,,,,,,,,
,2e06f51b-b591-4a57-8748-e2e413e0ea3f,Smr Rsch 488,Summer Research In Lieu Of Summer Break and Over Graduation Activities,3.0,,,,,6,,,,,,,,,
,746153aa-625f-4083-93c2-722e6c986fb8,SmrAcad 700,Summer Academic Placeholder,0.0,,,,,1,,,,,,,,,
,2e703885-4f8b-4c46-a53f-9636bd4abd24,Soc Sci 212,International Security,3.0,,,,,6,,,,,,,,,
,12455077-6b50-479b-b6b8-72331a49567d,Soc Sci 311,International Security Studies,3.0,,,,,6,,,,,,,,,
,b537e0cf-c8bd-4b0e-bae1-86d1e0535824,Soc Sci 311S,International Security Studies,3.0,,,,,6,,,,,,,,,
,2ddcc18c-5281-4b7a-ae31-c7086349f9c9,Soc Sci 400,Social Sciences Seminar,3.0,,,,,6,,,,,,,,,
,01520510-0018-47a8-9c35-e5911e597e2f,Soc Sci 401,Social Sciences Divisional Core Substitute,3.0,,,,,6,,,,,,,,,
,2919a8a2-b811-4ff7-8949-d9715c170d6e,Soc Sci 420,Law and Economics,3.0,,,,,6,,,,,,,,,
,67746c47-4653-4b92-8e18-9fde0f233abb,Soc Sci 444,International Political Economy,3.0,,,,,6,,,,,,,,,
,4e31f3ce-fb4d-4f37-abdd-50cb18f4ff00,Soc Sci 467,Nuclear Weapons Policy and Strategy,3.0,,,,,6,,,,,,,,,
,3c6f66df-6f22-496e-9f7f-353ebcb0721e,Soc Sci 483,Principles of Negotiation,3.0,,,,,6,,,,,,,,,
,50eb2ee9-1c64-4fac-827a-a9fdcda6ad59,Soc Sci 483S,Principles of Negotiation (Scholars),3.0,,,,,6,,,,,,,,,
,4676bc66-d712-459a-b9e5-fc5408110182,Soc Sci 499,Independent Study,3.0,,,,,6,,,,,,,,,
,1035650c-35f4-48cf-977a-572848123b50,Soc Sci 499A,Independent Study,3.0,,,,,6,,,,,,,,,
,a5a62e3a-a75c-4898-8a07-aae83ceb4aca,Soc Sci 499C,Independent Study,3.0,,,,,6,,,,,,,,,
,b2215ee1-cab6-4d24-996f-8daa87a0807d,Space 251,Basic Space Operations 1,3.0,,,,,6,,,,,,,,,
,da9abcac-c451-4ae5-aa0a-e82f676ac241,Space 252,Basic Space Operations 2,3.0,,,,,6,,,,,,,,,
,78fe58cc-b2a3-4a78-a017-804395c718f8,Space 253,Azimuth (Student Course),3.0,,,,,6,,,,,,,,,
,982cf198-d5a4-4094-88d3-d8a7a49dbbab,Space 350,Advanced Space Operations Upgrade,3.0,,,,,6,,,,,,,,,
,22f67466-6e9f-4d1c-a039-3e70ec847673,Space 353,Azimuth (Cadre Course),3.0,,,,,6,,,,,,,,,
,b02e48c2-e5fc-449c-a330-dadf80696d8c,Space 472,Basic Space Operations Instructor,3.0,,,,,6,,,,,,,,,
,570cb665-ea8d-4461-a29c-d527514553ad,Space 473,Final project is a certification satellite operations pass,3.0,,,,,6,,,,,,,,,
,bf967356-daee-43bf-ac1a-38fa1d4facc3,Space 479,Cadet Space Operations Squadron,3.0,,,,,6,,,,,,,,,
,d7bceb3f-6788-41d9-8233-29059b76f36a,Spanish 365,Spanish Civilization and Culture,3.0,,,,,6,,,,,,,,,
,038c1a3b-9541-40b1-bade-5e409501a4fd,Spanish 421,Introduction to Latin American Literature,3.0,,,,,6,,,,,,,,,
,fa19f525-f694-40d7-87cb-0e1ce3f75dfc,Sys Engr 301,Project Engineering,3.0,,,,,6,,,,,,,,,
,8bc09aa2-6fc9-4a71-992f-782650fe8ce7,Sys Engr 310,Introduction to Systems Engineering,3.0,,,,,6,,,,,,,,,
,93cc0aae-6006-4682-9914-df4e64ade979,Sys Engr 311,Model Based Systems Engineering,3.0,,,,,6,,,,,,,,,
,e2ee1b14-4c15-4434-88e3-2496e0adbcc6,Sys Engr 320,Optimization Theory with Design Applications,3.0,,,,,6,,,,,,,,,
,09c95649-edac-45b7-a395-0d46be994077,Sys Engr 336,Engineering Economics and Financial Management,3.0,,,,,6,,,,,,,,,
,9bcec067-12c6-4229-b911-028855d3a9b8,Sys Engr 356,UAS Flight Test Techniques,3.0,,,,,6,,,,,,,,,
,d4c80ada-55e8-41f7-ba65-d945327b1ddf,Sys Engr 402,Professional Systems Engineering Development,3.0,,,,,6,,,,,,,,,
,9ea23162-69a0-406c-a812-91802e26063a,Sys Engr 405,Systems Engineering Colloquium I,3.0,,,,,6,,,,,,,,,
,cbbbb087-0710-444f-90ee-e3f4bc00fa6e,Sys Engr 406,Targeted towards Systems Engineers and who will support or work in a Department of Defense acquisition environment,3.0,,,,,6,,,,,,,,,
,8dcceafe-2294-4440-bf8a-e1951a4b746e,Sys Engr 460,Unmanned Aerial Vehicle-Remotely Piloted Aircraft (UAV-RPA) Systems,3.0,,,,,6,,,,,,,,,
,4145c8a8-b990-4ae7-b81e-c62a55f8ee4c,Sys Engr 491,Systems Engineering Capstone Design I,3.0,,,,,6,,,,,,,,,
,6575a8e2-6cb7-49b7-a0b8-7feeb1494438,Sys Engr 492,Systems Engineering Capstone Design II,3.0,,,,,6,,,,,,,,,
,a62f749c-6004-4bab-a0b7-efece2ca69b0,Sys Engr 495,Special Topics,3.0,,,,,6,,,,,,,,,
,b1a85a0c-6261-437f-a9cb-8bdbc34442b9,Sys Engr 499,Independent Study,3.0,,,,,6,,,,,,,,,
,37a13179-9e43-4744-ab00-bb2a534d4f12,Sys Engr 499A,Independent Study,3.0,,,,,6,,,,,,,,,
,cff85265-ea27-425c-9ab5-ab511385e24a,Sys Engr 499B,Independent Study,3.0,,,,,6,,,,,,,,,
,78ac2dfa-b482-4a7f-adff-090fda59d1d6,Sys Engr 499C,Independent Study,3.0,,,,,6,,,,,,,,,
